conflict_id,dyad_id,org,side_a_name,side_a_id,side_b_name,side_b_id,year,best_fatality_estimate,low_fatality_estimate,high_fatality_estimate,region,version,country_id,country,conflict_name
4564,5174,1,1920 Revolution Brigades,783,IS,234,2007,25,25,25,2,18.1,645,Iraq,1920 Revolution Brigades - IS
4565,5175,3,Abgal clan (Hawiye),1028,Xawaadle clan (Hawiye),891,2008,31,31,55,4,18.1,645,Iraq,Abgal clan (Hawiye) - Xawaadle clan (Hawiye)
4567,5177,2,Supporters of ACN,893,Supporters of PDP,668,2008,33,33,33,4,18.1,645,Iraq,Supporters of ACN - Supporters of PDP
4567,5177,2,Supporters of ACN,893,Supporters of PDP,668,2011,26,26,46,4,18.1,645,Iraq,Supporters of ACN - Supporters of PDP
4573,5183,1,Ahlu Sunna Waljamaca,894,Al-Shabaab,717,2008,64,54,66,4,18.1,645,Iraq,Ahlu Sunna Waljamaca - Al-Shabaab
4573,5183,1,Ahlu Sunna Waljamaca,894,Al-Shabaab,717,2009,548,500,633,4,18.1,645,Iraq,Ahlu Sunna Waljamaca - Al-Shabaab
4573,5183,1,Ahlu Sunna Waljamaca,894,Al-Shabaab,717,2010,202,196,223,4,18.1,645,Iraq,Ahlu Sunna Waljamaca - Al-Shabaab
4576,5186,3,Amaro,578,Guji,613,2006,30,30,30,4,18.1,645,Iraq,Amaro - Guji
4579,5189,1,Ansaar ul-Islam,398,Lashkar-e-Islam,399,2007,34,34,50,3,18.1,645,Iraq,Ansaar ul-Islam - Lashkar-e-Islam
4579,5189,1,Ansaar ul-Islam,398,Lashkar-e-Islam,399,2008,88,88,177,3,18.1,645,Iraq,Ansaar ul-Islam - Lashkar-e-Islam
4579,5189,1,Ansaar ul-Islam,398,Lashkar-e-Islam,399,2009,48,48,48,3,18.1,645,Iraq,Ansaar ul-Islam - Lashkar-e-Islam
4582,5192,3,Anuak,581,Nuer,660,2016,28,28,64,4,18.1,645,Iraq,Anuak - Nuer
4583,5193,3,Agar Dinka,582,Gok Dinka,583,2006,60,60,60,4,18.1,645,Iraq,Agar Dinka - Gok Dinka
4584,5194,1,ARPCT,584,ARS/UIC,505,2006,562,532,636,4,18.1,645,Iraq,ARPCT - ARS/UIC
4586,5196,1,AUC,771,FARC,743,2005,190,190,199,5,18.1,645,Iraq,AUC - FARC
4587,5197,1,Bangadi Militia,895,LRA,488,2008,27,27,36,4,18.1,645,Iraq,Bangadi Militia - LRA
4588,5198,3,Bangesh,790,Turi,791,2008,449,449,570,3,18.1,645,Iraq,Bangesh - Turi
4588,5198,3,Bangesh,790,Turi,791,2009,115,115,115,3,18.1,645,Iraq,Bangesh - Turi
4589,5199,3,Bena Kapuya,647,Bena Nsimba,646,2007,25,25,25,4,18.1,645,Iraq,Bena Kapuya - Bena Nsimba
4592,5202,3,Bokora Karimojong,590,Jie,633,2007,34,34,34,4,18.1,645,Iraq,Bokora Karimojong - Jie
4593,5203,3,Bokora Karimojong,590,Pian Karimojong,669,2005,28,28,28,4,18.1,645,Iraq,Bokora Karimojong - Pian Karimojong
4594,5204,3,Bor Dinka,708,Murle,655,2007,106,106,106,4,18.1,645,Iraq,Bor Dinka - Murle
4594,5204,3,Bor Dinka,708,Murle,655,2011,44,44,44,4,18.1,645,Iraq,Bor Dinka - Murle
4594,5204,3,Bor Dinka,708,Murle,655,2012,118,118,125,4,18.1,645,Iraq,Bor Dinka - Murle
4594,5204,3,Bor Dinka,708,Murle,655,2017,96,95,101,4,18.1,645,Iraq,Bor Dinka - Murle
4595,5205,3,Borana,591,Guji,613,2006,101,101,151,4,18.1,645,Iraq,Borana - Guji
4596,5206,3,Borana,591,Konso,1039,2008,46,46,46,4,18.1,645,Iraq,Borana - Konso
4598,5208,3,Burji,592,Guji,613,2006,37,37,37,4,18.1,645,Iraq,Burji - Guji
4600,5210,1,CNDP,426,PARECO,896,2008,60,60,160,4,18.1,645,Iraq,CNDP - PARECO
4602,5212,1,CPN-M,258,MJF,784,2007,30,30,33,3,18.1,645,Iraq,CPN-M - MJF
4604,5214,3,Darsalim,594,Kibete,637,2006,140,140,300,4,18.1,645,Iraq,Darsalim - Kibete
4607,5217,3,Derashe,919,Konso,1039,2008,33,33,33,4,18.1,645,Iraq,Derashe - Konso
4608,5218,3,Didinga,707,Toposa,692,2007,54,54,54,4,18.1,645,Iraq,Didinga - Toposa
4612,5222,1,DKBA,785,KNU,180,2007,45,45,45,3,18.1,645,Iraq,DKBA - KNU
4613,5223,3,Nyangatom,712,Turkana,693,2006,31,31,31,4,18.1,645,Iraq,Nyangatom - Turkana
4614,5224,3,Duduble subclan of Gorgorte clan (Hawiye),602,Suleiman subclan of Habar Gidir clan (Hawiye),687,2012,38,30,38,4,18.1,645,Iraq,Duduble subclan of Gorgorte clan (Hawiye) - Suleiman subclan of Habar Gidir clan (Hawiye)
4616,5226,1,Fatah,207,Hamas,209,2006,36,36,46,2,18.1,645,Iraq,Fatah - Hamas
4616,5226,1,Fatah,207,Hamas,209,2007,235,233,254,2,18.1,645,Iraq,Fatah - Hamas
4618,5228,1,FRCI,558,MILOCI,652,2005,28,28,50,4,18.1,645,Iraq,FRCI - MILOCI
4621,5231,1,Forces of Amanullah Khan,377,Forces of Arbab Basir,378,2006,36,36,36,3,18.1,645,Iraq,Forces of Amanullah Khan - Forces of Arbab Basir
4625,5235,3,Fulani,607,Mambila,643,2017,40,40,351,4,18.1,645,Iraq,Fulani - Mambila
4626,5236,3,Gaadsan subclan of Biimaal clan (Dir),897,Ma'alin Weyne subclan of Mirifle clan (Digil-Mirifle),898,2008,40,38,62,4,18.1,645,Iraq,Gaadsan subclan of Biimaal clan (Dir) - Ma'alin Weyne subclan of Mirifle clan (Digil-Mirifle)
4627,5237,3,Gabra,609,Guji,613,2005,43,43,43,4,18.1,645,Iraq,Gabra - Guji
4628,5238,3,Galje'el clan (Hawiye),610,Jejele subclan of Jibedi clan (Hawiye),631,2005,36,36,36,4,18.1,645,Iraq,Galje'el clan (Hawiye) - Jejele subclan of Jibedi clan (Hawiye)
4629,5239,3,Gamai,611,Pan,666,2006,25,20,100,4,18.1,645,Iraq,Gamai - Pan
4630,5240,3,Garre subclan of Digil clan (Digil-Mirifle),612,Marehan subclan of Sede clan (Darod),644,2005,99,89,139,4,18.1,645,Iraq,Garre subclan of Digil clan (Digil-Mirifle) - Marehan subclan of Sede clan (Darod)
4631,5241,3,Garre subclan of Digil clan (Digil-Mirifle),612,Murule subclan of Gugundabe clan (Hawiye),656,2005,63,60,105,4,18.1,645,Iraq,Garre subclan of Digil clan (Digil-Mirifle) - Murule subclan of Gugundabe clan (Hawiye)
4631,5241,3,Garre subclan of Digil clan (Digil-Mirifle),612,Murule subclan of Gugundabe clan (Hawiye),656,2008,31,31,31,4,18.1,645,Iraq,Garre subclan of Digil clan (Digil-Mirifle) - Murule subclan of Gugundabe clan (Hawiye)
4632,5242,3,Gumuz,899,Oromo,664,2008,145,145,145,4,18.1,645,Iraq,Gumuz - Oromo
4633,5243,3,Falata,691,Habaniya,615,2007,125,125,200,4,18.1,645,Iraq,Falata - Habaniya
4633,5243,3,Falata,691,Habaniya,615,2008,150,150,150,4,18.1,645,Iraq,Falata - Habaniya
4633,5243,3,Falata,691,Habaniya,615,2009,99,99,108,4,18.1,645,Iraq,Falata - Habaniya
4634,5244,3,Habaniya,615,Rizeigat Baggara,703,2006,150,150,150,4,18.1,645,Iraq,Habaniya - Rizeigat Baggara
4634,5244,3,Habaniya,615,Rizeigat Baggara,703,2015,198,198,198,4,18.1,645,Iraq,Habaniya - Rizeigat Baggara
4637,5247,3,Hausa,608,Yoruba,701,2017,46,46,46,4,18.1,645,Iraq,Hausa - Yoruba
4639,5249,1,Hezbollah,366,PSP,879,2008,38,23,64,2,18.1,645,Iraq,Hezbollah - PSP
4640,5250,3,Hotiya Baggara,617,"Mahamid, Mahariba, Newiba",3834,2005,251,210,260,4,18.1,645,Iraq,"Hotiya Baggara - Mahamid, Mahariba, Newiba"
4642,5252,3,Huber subclan of Mirifle clan (Digil-Mirifle),618,Yantar subclan of Mirifle clan (Digil-Mirifle),700,2005,35,35,38,4,18.1,645,Iraq,Huber subclan of Mirifle clan (Digil-Mirifle) - Yantar subclan of Mirifle clan (Digil-Mirifle)
4644,5254,1,IMU,359,Lashkhar of Wazir tribe,787,2007,319,319,376,3,18.1,645,Iraq,IMU - Lashkhar of Wazir tribe
4645,5255,1,IS,234,RJF,235,2007,123,123,123,2,18.1,645,Iraq,IS - RJF
4646,5256,3,Izzi (Igbo),626,Ukele,694,2005,100,50,100,4,18.1,645,Iraq,Izzi (Igbo) - Ukele
4647,5257,1,Forces of Shah Sahib,792,TTP,356,2008,51,51,66,3,18.1,645,Iraq,Forces of Shah Sahib - TTP
4649,5259,1,Janjaweed,630,SLM/A,469,2005,30,30,30,4,18.1,645,Iraq,Janjaweed - SLM/A
4650,5260,1,Janjaweed - Bin Kulaib faction,629,Janjaweed - Moro faction,628,2005,44,44,44,4,18.1,645,Iraq,Janjaweed - Bin Kulaib faction - Janjaweed - Moro faction
4651,5261,3,Jie,633,Turkana,693,2008,57,57,57,4,18.1,645,Iraq,Jie - Turkana
4652,5262,1,Juarez Cartel,793,Sinaloa Cartel,775,2008,1580,1580,1580,5,18.1,645,Iraq,Juarez Cartel - Sinaloa Cartel
4652,5262,1,Juarez Cartel,793,Sinaloa Cartel,775,2009,2063,2063,2063,5,18.1,645,Iraq,Juarez Cartel - Sinaloa Cartel
4652,5262,1,Juarez Cartel,793,Sinaloa Cartel,775,2010,2515,2514,2779,5,18.1,645,Iraq,Juarez Cartel - Sinaloa Cartel
4652,5262,1,Juarez Cartel,793,Sinaloa Cartel,775,2011,1658,1658,1852,5,18.1,645,Iraq,Juarez Cartel - Sinaloa Cartel
4652,5262,1,Juarez Cartel,793,Sinaloa Cartel,775,2012,547,531,959,5,18.1,645,Iraq,Juarez Cartel - Sinaloa Cartel
4652,5262,1,Juarez Cartel,793,Sinaloa Cartel,775,2013,127,121,453,5,18.1,645,Iraq,Juarez Cartel - Sinaloa Cartel
4652,5262,1,Juarez Cartel,793,Sinaloa Cartel,775,2014,49,49,56,5,18.1,645,Iraq,Juarez Cartel - Sinaloa Cartel
4652,5262,1,Juarez Cartel,793,Sinaloa Cartel,775,2015,38,38,946,5,18.1,645,Iraq,Juarez Cartel - Sinaloa Cartel
4652,5262,1,Juarez Cartel,793,Sinaloa Cartel,775,2016,59,59,934,5,18.1,645,Iraq,Juarez Cartel - Sinaloa Cartel
4652,5262,1,Juarez Cartel,793,Sinaloa Cartel,775,2017,65,65,109,5,18.1,645,Iraq,Juarez Cartel - Sinaloa Cartel
4655,5265,3,Kachai sub-tribe of Bangesh,794,Mishti,795,2008,58,58,58,3,18.1,645,Iraq,Kachai sub-tribe of Bangesh - Mishti
4656,5266,3,Kalenjin,1024,Kikuyu,926,2008,78,78,95,4,18.1,645,Iraq,Kalenjin - Kikuyu
4657,5267,3,Kalenjin,1024,Kisii,927,2008,81,81,81,4,18.1,645,Iraq,Kalenjin - Kisii
4658,5268,3,Kusasi,1057,Mamprusi,1058,2008,55,54,57,4,18.1,645,Iraq,Kusasi - Mamprusi
4659,5269,1,Lashkar of Salarzai tribe,796,TTP,356,2008,34,34,40,3,18.1,645,Iraq,Lashkar of Salarzai tribe - TTP
4660,5270,3,Lou Nuer,706,Murle,655,2006,150,150,150,4,18.1,645,Iraq,Lou Nuer - Murle
4660,5270,3,Lou Nuer,706,Murle,655,2007,60,60,80,4,18.1,645,Iraq,Lou Nuer - Murle
4660,5270,3,Lou Nuer,706,Murle,655,2009,1195,1195,1195,4,18.1,645,Iraq,Lou Nuer - Murle
4660,5270,3,Lou Nuer,706,Murle,655,2011,1415,1415,1425,4,18.1,645,Iraq,Lou Nuer - Murle
4660,5270,3,Lou Nuer,706,Murle,655,2012,424,424,424,4,18.1,645,Iraq,Lou Nuer - Murle
4660,5270,3,Lou Nuer,706,Murle,655,2013,118,118,488,4,18.1,645,Iraq,Lou Nuer - Murle
4660,5270,3,Lou Nuer,706,Murle,655,2016,101,101,101,4,18.1,645,Iraq,Lou Nuer - Murle
4660,5270,3,Lou Nuer,706,Murle,655,2017,32,32,42,4,18.1,645,Iraq,Lou Nuer - Murle
4661,5271,3,Hol Dinka,900,Lou Nuer,706,2008,31,31,36,4,18.1,645,Iraq,Hol Dinka - Lou Nuer
4661,5271,3,Hol Dinka,900,Lou Nuer,706,2009,237,237,244,4,18.1,645,Iraq,Hol Dinka - Lou Nuer
4663,5273,1,LTTE,320,LTTE - K,389,2005,30,30,58,3,18.1,645,Iraq,LTTE - LTTE - K
4663,5273,1,LTTE,320,LTTE - K,389,2006,97,97,136,3,18.1,645,Iraq,LTTE - LTTE - K
4664,5274,3,Lumad,390,Moro,391,2006,25,25,25,3,18.1,645,Iraq,Lumad - Moro
4665,5275,3,Kikuyu,926,Luo,901,2008,42,42,82,4,18.1,645,Iraq,Kikuyu - Luo
4666,5276,3,Ma'aliyah,641,Rizeigat Baggara,703,2013,229,229,248,4,18.1,645,Iraq,Ma'aliyah - Rizeigat Baggara
4666,5276,3,Ma'aliyah,641,Rizeigat Baggara,703,2014,395,346,495,4,18.1,645,Iraq,Ma'aliyah - Rizeigat Baggara
4666,5276,3,Ma'aliyah,641,Rizeigat Baggara,703,2015,252,171,252,4,18.1,645,Iraq,Ma'aliyah - Rizeigat Baggara
4666,5276,3,Ma'aliyah,641,Rizeigat Baggara,703,2016,27,27,27,4,18.1,645,Iraq,Ma'aliyah - Rizeigat Baggara
4666,5276,3,Ma'aliyah,641,Rizeigat Baggara,703,2017,68,68,70,4,18.1,645,Iraq,Ma'aliyah - Rizeigat Baggara
4667,5277,3,Mangal,797,Turi,791,2007,187,187,273,3,18.1,645,Iraq,Mangal - Turi
4667,5277,3,Mangal,797,Turi,791,2008,58,58,58,3,18.1,645,Iraq,Mangal - Turi
4668,5278,1,Mara 18 (Guatemala),776,Mara Salvatrucha (Guatemala),777,2005,56,56,56,5,18.1,645,Iraq,Mara 18 (Guatemala) - Mara Salvatrucha (Guatemala)
4670,5280,3,Majerteen subclan (Darod),711,Marehan subclan of Sede clan (Darod),644,2006,100,100,100,4,18.1,645,Iraq,Majerteen subclan (Darod) - Marehan subclan of Sede clan (Darod)
4672,5282,3,Dassanetch,713,Turkana,693,2005,36,36,36,4,18.1,645,Iraq,Dassanetch - Turkana
4672,5282,3,Dassanetch,713,Turkana,693,2009,54,54,54,4,18.1,645,Iraq,Dassanetch - Turkana
4672,5282,3,Dassanetch,713,Turkana,693,2011,55,55,78,4,18.1,645,Iraq,Dassanetch - Turkana
4673,5283,1,MFDC Front Nord - MD,650,MFDC - S,651,2006,124,124,124,4,18.1,645,Iraq,MFDC Front Nord - MD - MFDC - S
4674,5284,3,Misseriya,1025,Rizeigat Abbala,676,2008,67,67,67,4,18.1,645,Iraq,Misseriya - Rizeigat Abbala
4674,5284,3,Misseriya,1025,Rizeigat Abbala,676,2009,244,244,264,4,18.1,645,Iraq,Misseriya - Rizeigat Abbala
4674,5284,3,Misseriya,1025,Rizeigat Abbala,676,2010,342,342,342,4,18.1,645,Iraq,Misseriya - Rizeigat Abbala
4674,5284,3,Misseriya,1025,Rizeigat Abbala,676,2012,58,58,116,4,18.1,645,Iraq,Misseriya - Rizeigat Abbala
4674,5284,3,Misseriya,1025,Rizeigat Abbala,676,2015,29,23,29,4,18.1,645,Iraq,Misseriya - Rizeigat Abbala
4676,5286,1,MDF,902,SLDF,704,2008,32,32,32,4,18.1,645,Iraq,MDF - SLDF
4677,5287,3,Murle,655,Nuer,660,2006,59,59,59,4,18.1,645,Iraq,Murle - Nuer
4677,5287,3,Murle,655,Nuer,660,2016,150,150,216,4,18.1,645,Iraq,Murle - Nuer
4679,5289,1,NSCN-IM,223,NSCN-K,224,2005,29,22,30,3,18.1,645,Iraq,NSCN-IM - NSCN-K
4679,5289,1,NSCN-IM,223,NSCN-K,224,2006,68,67,80,3,18.1,645,Iraq,NSCN-IM - NSCN-K
4679,5289,1,NSCN-IM,223,NSCN-K,224,2007,76,76,82,3,18.1,645,Iraq,NSCN-IM - NSCN-K
4679,5289,1,NSCN-IM,223,NSCN-K,224,2008,51,51,59,3,18.1,645,Iraq,NSCN-IM - NSCN-K
4679,5289,1,NSCN-IM,223,NSCN-K,224,2011,37,37,37,3,18.1,645,Iraq,NSCN-IM - NSCN-K
4680,5290,1,NSCN-IM,223,NSCN-U,798,2008,36,36,49,3,18.1,645,Iraq,NSCN-IM - NSCN-U
4681,5291,3,"Nyangatom , Toposa",3806,Turkana,693,2006,58,58,58,4,18.1,645,Iraq,"Nyangatom , Toposa - Turkana"
4683,5293,3,Oromo,664,Somali (Ethiopia),685,2005,102,102,102,4,18.1,645,Iraq,Oromo - Somali (Ethiopia)
4683,5293,3,Oromo,664,Somali (Ethiopia),685,2017,276,258,300,4,18.1,645,Iraq,Oromo - Somali (Ethiopia)
4684,5294,1,Palipehutu-FNL,432,Palipehutu-FNL - LP,786,2007,52,46,52,4,18.1,645,Iraq,Palipehutu-FNL - Palipehutu-FNL - LP
4693,5303,3,Rizeigat Abbala,676,Terjam,690,2007,382,382,382,4,18.1,645,Iraq,Rizeigat Abbala - Terjam
4694,5304,1,RRA,678,RRA - MH,677,2005,34,34,34,4,18.1,645,Iraq,RRA - RRA - MH
4695,5305,3,Sa'ad subclan of Habar Gidir clan (Hawiye),680,Suleiman subclan of Habar Gidir clan (Hawiye),687,2005,103,92,130,4,18.1,645,Iraq,Sa'ad subclan of Habar Gidir clan (Hawiye) - Suleiman subclan of Habar Gidir clan (Hawiye)
4695,5305,3,Sa'ad subclan of Habar Gidir clan (Hawiye),680,Suleiman subclan of Habar Gidir clan (Hawiye),687,2006,48,36,72,4,18.1,645,Iraq,Sa'ad subclan of Habar Gidir clan (Hawiye) - Suleiman subclan of Habar Gidir clan (Hawiye)
4695,5305,3,Sa'ad subclan of Habar Gidir clan (Hawiye),680,Suleiman subclan of Habar Gidir clan (Hawiye),687,2011,40,30,40,4,18.1,645,Iraq,Sa'ad subclan of Habar Gidir clan (Hawiye) - Suleiman subclan of Habar Gidir clan (Hawiye)
4696,5306,1,Gulf Cartel,782,Sinaloa Cartel,775,2005,187,187,208,5,18.1,645,Iraq,Gulf Cartel - Sinaloa Cartel
4696,5306,1,Gulf Cartel,782,Sinaloa Cartel,775,2006,627,627,810,5,18.1,645,Iraq,Gulf Cartel - Sinaloa Cartel
4696,5306,1,Gulf Cartel,782,Sinaloa Cartel,775,2007,448,448,542,5,18.1,645,Iraq,Gulf Cartel - Sinaloa Cartel
4696,5306,1,Gulf Cartel,782,Sinaloa Cartel,775,2008,72,72,81,5,18.1,645,Iraq,Gulf Cartel - Sinaloa Cartel
4696,5306,1,Gulf Cartel,782,Sinaloa Cartel,775,2009,150,150,366,5,18.1,645,Iraq,Gulf Cartel - Sinaloa Cartel
4696,5306,1,Gulf Cartel,782,Sinaloa Cartel,775,2010,42,42,46,5,18.1,645,Iraq,Gulf Cartel - Sinaloa Cartel
4697,5307,1,SLM/A,469,SLM/A - MM,471,2005,45,45,45,4,18.1,645,Iraq,SLM/A - SLM/A - MM
4697,5307,1,SLM/A,469,SLM/A - MM,471,2006,57,57,117,4,18.1,645,Iraq,SLM/A - SLM/A - MM
4699,5309,1,RCSS,256,UWSA,364,2005,110,102,140,3,18.1,645,Iraq,RCSS - UWSA
4701,5311,3,Tama,636,Zaghawa,705,2006,74,74,74,4,18.1,645,Iraq,Tama - Zaghawa
4701,5311,3,Tama,636,Zaghawa,705,2007,126,126,156,4,18.1,645,Iraq,Tama - Zaghawa
4702,5312,1,Tijuana Cartel,799,Tijuana Cartel - El Teo faction,800,2008,185,185,244,5,18.1,645,Iraq,Tijuana Cartel - Tijuana Cartel - El Teo faction
4702,5312,1,Tijuana Cartel,799,Tijuana Cartel - El Teo faction,800,2009,47,47,66,5,18.1,645,Iraq,Tijuana Cartel - Tijuana Cartel - El Teo faction
4702,5312,1,Tijuana Cartel,799,Tijuana Cartel - El Teo faction,800,2010,54,54,83,5,18.1,645,Iraq,Tijuana Cartel - Tijuana Cartel - El Teo faction
4703,5313,3,Toposa,692,Turkana,693,2008,25,25,33,4,18.1,645,Iraq,Toposa - Turkana
4703,5313,3,Toposa,692,Turkana,693,2011,47,47,47,4,18.1,645,Iraq,Toposa - Turkana
4704,5314,3,Pokot,670,Turkana,693,2005,28,28,28,4,18.1,645,Iraq,Pokot - Turkana
4704,5314,3,Pokot,670,Turkana,693,2006,34,33,39,4,18.1,645,Iraq,Pokot - Turkana
4704,5314,3,Pokot,670,Turkana,693,2008,88,88,128,4,18.1,645,Iraq,Pokot - Turkana
4704,5314,3,Pokot,670,Turkana,693,2010,55,55,56,4,18.1,645,Iraq,Pokot - Turkana
4704,5314,3,Pokot,670,Turkana,693,2013,27,26,30,4,18.1,645,Iraq,Pokot - Turkana
4704,5314,3,Pokot,670,Turkana,693,2014,45,44,73,4,18.1,645,Iraq,Pokot - Turkana
4704,5314,3,Pokot,670,Turkana,693,2015,102,102,129,4,18.1,645,Iraq,Pokot - Turkana
4706,5316,3,Ma'aliyah,641,Zaghawa,705,2008,41,41,51,4,18.1,645,Iraq,Ma'aliyah - Zaghawa
4713,5323,1,Hizb-i Islami-yi Afghanistan,299,Taleban,303,2010,99,99,99,3,18.1,645,Iraq,Hizb-i Islami-yi Afghanistan - Taleban
4713,5323,1,Hizb-i Islami-yi Afghanistan,299,Taleban,303,2011,25,25,27,3,18.1,645,Iraq,Hizb-i Islami-yi Afghanistan - Taleban
4742,5352,3,Borana,591,Garre,1079,2009,34,34,34,4,18.1,645,Iraq,Borana - Garre
4767,5377,3,Marakwet,929,Pokot,670,2016,30,30,30,4,18.1,645,Iraq,Marakwet - Pokot
4781,5391,3,Fulani,607,Touareg,937,2014,30,30,30,4,18.1,645,Iraq,Fulani - Touareg
4790,5400,3,"Afisare, Anaguta, Birom",3798,"Fulani, Hausa",3800,2008,200,200,200,4,18.1,645,Iraq,"Afisare, Anaguta, Birom - Fulani, Hausa"
4848,5458,3,Awlad Omran clan,991,Awlad al-Zuid clan,1036,2014,324,324,324,4,18.1,645,Iraq,Awlad Omran clan - Awlad al-Zuid clan
4850,5460,3,Dinka,598,Nuer,660,2010,228,228,316,4,18.1,645,Iraq,Dinka - Nuer
4850,5460,3,Dinka,598,Nuer,660,2011,133,133,133,4,18.1,645,Iraq,Dinka - Nuer
4850,5460,3,Dinka,598,Nuer,660,2013,44,44,54,4,18.1,645,Iraq,Dinka - Nuer
4850,5460,3,Dinka,598,Nuer,660,2015,100,100,100,4,18.1,645,Iraq,Dinka - Nuer
4851,5461,3,Jikany Nuer,992,Lou Nuer,706,2009,71,71,71,4,18.1,645,Iraq,Jikany Nuer - Lou Nuer
4853,5463,3,Rizeigat Abbala,676,Zaghawa,705,2017,31,31,31,4,18.1,645,Iraq,Rizeigat Abbala - Zaghawa
4866,5476,3,Dodoth,1038,Jie,633,2005,30,30,30,4,18.1,645,Iraq,Dodoth - Jie
4866,5476,3,Dodoth,1038,Jie,633,2009,38,38,38,4,18.1,645,Iraq,Dodoth - Jie
4875,5485,1,Forces of Jing Caludtiag,848,Forces of Randy Karon,849,2009,44,44,44,3,18.1,645,Iraq,Forces of Jing Caludtiag - Forces of Randy Karon
4876,5486,3,Afor,1002,Fulani,607,2009,33,33,71,4,18.1,645,Iraq,Afor - Fulani
4877,5487,2,Supporters of Andry Rajoelina,1003,Supporters of Marc Ravalomanana,1041,2009,82,55,119,4,18.1,645,Iraq,Supporters of Andry Rajoelina - Supporters of Marc Ravalomanana
4878,5488,1,Al-Shabaab,717,Hizbul Islam,1004,2009,121,101,165,4,18.1,645,Iraq,Al-Shabaab - Hizbul Islam
4878,5488,1,Al-Shabaab,717,Hizbul Islam,1004,2010,88,79,98,4,18.1,645,Iraq,Al-Shabaab - Hizbul Islam
4879,5489,3,Ngok Dinka,1005,Shiluk,1006,2009,121,121,134,4,18.1,645,Iraq,Ngok Dinka - Shiluk
4880,5490,3,Bari,1007,Mundari,1042,2009,41,41,52,4,18.1,645,Iraq,Bari - Mundari
4881,5491,3,Bor Dinka,708,Mundari,1042,2009,37,37,37,4,18.1,645,Iraq,Bor Dinka - Mundari
4881,5491,3,Bor Dinka,708,Mundari,1042,2017,40,36,44,4,18.1,645,Iraq,Bor Dinka - Mundari
4882,5492,3,Aliap Dinka,1008,Mundari,1042,2009,52,52,52,4,18.1,645,Iraq,Aliap Dinka - Mundari
4883,5493,3,Luac Jang Dinka,1009,Awan Dinka,1010,2009,30,30,30,4,18.1,645,Iraq,Luac Jang Dinka - Awan Dinka
4884,5494,3,Fulani,607,Tarok,689,2013,118,118,135,4,18.1,645,Iraq,Fulani - Tarok
4887,5497,1,Al-Shabaab,717,ONLF,497,2007,40,40,40,4,18.1,645,Iraq,Al-Shabaab - ONLF
4891,5501,3,Jie,633,Matheniko Karimojong,1029,2005,26,26,26,4,18.1,645,Iraq,Jie - Matheniko Karimojong
4895,5505,3,Christians (Nigeria),1020,Muslims (Nigeria),1021,2006,141,141,181,4,18.1,645,Iraq,Christians (Nigeria) - Muslims (Nigeria)
4895,5505,3,Christians (Nigeria),1020,Muslims (Nigeria),1021,2010,104,104,284,4,18.1,645,Iraq,Christians (Nigeria) - Muslims (Nigeria)
4895,5505,3,Christians (Nigeria),1020,Muslims (Nigeria),1021,2011,880,880,1167,4,18.1,645,Iraq,Christians (Nigeria) - Muslims (Nigeria)
4895,5505,3,Christians (Nigeria),1020,Muslims (Nigeria),1021,2012,126,126,133,4,18.1,645,Iraq,Christians (Nigeria) - Muslims (Nigeria)
4895,5505,3,Christians (Nigeria),1020,Muslims (Nigeria),1021,2014,336,329,474,4,18.1,645,Iraq,Christians (Nigeria) - Muslims (Nigeria)
4895,5505,3,Christians (Nigeria),1020,Muslims (Nigeria),1021,2015,25,25,25,4,18.1,645,Iraq,Christians (Nigeria) - Muslims (Nigeria)
4895,5505,3,Christians (Nigeria),1020,Muslims (Nigeria),1021,2016,120,108,147,4,18.1,645,Iraq,Christians (Nigeria) - Muslims (Nigeria)
4900,5510,3,Kyrgyz,854,Uzbek,853,2010,41,41,465,3,18.1,645,Iraq,Kyrgyz - Uzbek
4902,5512,3,Hindus (India),858,Muslims (India),859,2013,68,68,70,3,18.1,645,Iraq,Hindus (India) - Muslims (India)
4912,5522,1,Lashkar of Orakzai tribe,887,TTP,356,2009,27,27,27,3,18.1,645,Iraq,Lashkar of Orakzai tribe - TTP
4913,5523,1,Forces of Turkestan Bhittani,888,TTP,356,2009,101,101,121,3,18.1,645,Iraq,Forces of Turkestan Bhittani - TTP
4924,5534,3,Borana,591,Gabra,609,2005,68,68,95,4,18.1,645,Iraq,Borana - Gabra
4924,5534,3,Borana,591,Gabra,609,2006,74,74,74,4,18.1,645,Iraq,Borana - Gabra
4924,5534,3,Borana,591,Gabra,609,2007,27,27,27,4,18.1,645,Iraq,Borana - Gabra
4924,5534,3,Borana,591,Gabra,609,2012,27,27,31,4,18.1,645,Iraq,Borana - Gabra
4925,5535,3,Pokot,670,Samburu,925,2006,25,25,25,4,18.1,645,Iraq,Pokot - Samburu
4925,5535,3,Pokot,670,Samburu,925,2009,51,43,54,4,18.1,645,Iraq,Pokot - Samburu
4926,5536,3,Samburu,925,Turkana,693,2015,50,50,50,4,18.1,645,Iraq,Samburu - Turkana
4933,5543,1,Gulf Cartel,782,Los Zetas,1088,2010,412,412,775,5,18.1,645,Iraq,Gulf Cartel - Los Zetas
4933,5543,1,Gulf Cartel,782,Los Zetas,1088,2011,380,380,430,5,18.1,645,Iraq,Gulf Cartel - Los Zetas
4933,5543,1,Gulf Cartel,782,Los Zetas,1088,2012,555,555,592,5,18.1,645,Iraq,Gulf Cartel - Los Zetas
4933,5543,1,Gulf Cartel,782,Los Zetas,1088,2013,339,257,359,5,18.1,645,Iraq,Gulf Cartel - Los Zetas
4933,5543,1,Gulf Cartel,782,Los Zetas,1088,2014,436,436,761,5,18.1,645,Iraq,Gulf Cartel - Los Zetas
4933,5543,1,Gulf Cartel,782,Los Zetas,1088,2015,221,221,606,5,18.1,645,Iraq,Gulf Cartel - Los Zetas
4933,5543,1,Gulf Cartel,782,Los Zetas,1088,2016,246,246,702,5,18.1,645,Iraq,Gulf Cartel - Los Zetas
4933,5543,1,Gulf Cartel,782,Los Zetas,1088,2017,52,52,167,5,18.1,645,Iraq,Gulf Cartel - Los Zetas
4934,5544,1,Beltrán Leyva Cartel,1089,Beltrán Leyva Cartel - Valdez Villareal faction,1090,2010,182,182,216,5,18.1,645,Iraq,Beltrán Leyva Cartel - Beltrán Leyva Cartel - Valdez Villareal faction
4935,5545,1,Ansarallah,1091,AQAP,881,2010,26,17,26,2,18.1,645,Iraq,Ansarallah - AQAP
4935,5545,1,Ansarallah,1091,AQAP,881,2014,460,460,611,2,18.1,645,Iraq,Ansarallah - AQAP
4936,5546,1,Los Zetas,1088,Sinaloa Cartel,775,2010,29,29,39,5,18.1,645,Iraq,Los Zetas - Sinaloa Cartel
4936,5546,1,Los Zetas,1088,Sinaloa Cartel,775,2011,85,85,130,5,18.1,645,Iraq,Los Zetas - Sinaloa Cartel
4936,5546,1,Los Zetas,1088,Sinaloa Cartel,775,2012,335,335,438,5,18.1,645,Iraq,Los Zetas - Sinaloa Cartel
4936,5546,1,Los Zetas,1088,Sinaloa Cartel,775,2013,54,54,56,5,18.1,645,Iraq,Los Zetas - Sinaloa Cartel
4936,5546,1,Los Zetas,1088,Sinaloa Cartel,775,2014,60,60,83,5,18.1,645,Iraq,Los Zetas - Sinaloa Cartel
4937,5547,1,Lashkar-e-Islam,399,TTP,356,2010,63,53,69,3,18.1,645,Iraq,Lashkar-e-Islam - TTP
4938,5548,1,Forces of Momin Afridi,1100,TTP - TA,1101,2010,74,70,99,3,18.1,645,Iraq,Forces of Momin Afridi - TTP - TA
4939,5549,1,TTP - MR,1102,TTP - MT,1103,2010,80,77,88,3,18.1,645,Iraq,TTP - MR - TTP - MT
4940,5550,3,Bangesh,790,Mangal,797,2010,165,165,178,3,18.1,645,Iraq,Bangesh - Mangal
4941,5551,1,Mara 18 (Honduras),1099,Mara Salvatrucha (Honduras),778,2010,49,48,55,5,18.1,645,Iraq,Mara 18 (Honduras) - Mara Salvatrucha (Honduras)
4942,5552,3,Suleiman subclan of Habar Gidir clan (Hawiye),687,Qubeys subclan (Dir),1098,2010,88,88,88,4,18.1,645,Iraq,Suleiman subclan of Habar Gidir clan (Hawiye) - Qubeys subclan (Dir)
4943,5553,3,Gok Dinka,583,Rek Dinka,1097,2010,28,28,56,4,18.1,645,Iraq,Gok Dinka - Rek Dinka
4943,5553,3,Gok Dinka,583,Rek Dinka,1097,2012,81,81,81,4,18.1,645,Iraq,Gok Dinka - Rek Dinka
4944,5554,1,Mujahideen in the Golis Mountains,1096,Puntland State of Somalia,671,2010,109,96,161,4,18.1,645,Iraq,Mujahideen in the Golis Mountains - Puntland State of Somalia
4944,5554,1,Mujahideen in the Golis Mountains,1096,Puntland State of Somalia,671,2011,33,27,33,4,18.1,645,Iraq,Mujahideen in the Golis Mountains - Puntland State of Somalia
4944,5554,1,Mujahideen in the Golis Mountains,1096,Puntland State of Somalia,671,2012,55,55,89,4,18.1,645,Iraq,Mujahideen in the Golis Mountains - Puntland State of Somalia
4945,5555,3,Boje,1094,Nsadop,1095,2010,30,30,35,4,18.1,645,Iraq,Boje - Nsadop
4946,5556,3,Atuot Dinka,1092,Ciek Dinka,1093,2010,27,27,54,4,18.1,645,Iraq,Atuot Dinka - Ciek Dinka
4947,5557,1,Ahlu Sunna Waljamaca,894,Hizbul Islam,1004,2010,45,45,49,4,18.1,645,Iraq,Ahlu Sunna Waljamaca - Hizbul Islam
4948,5558,3,Birom,589,Fulani,607,2010,329,265,694,4,18.1,645,Iraq,Birom - Fulani
4948,5558,3,Birom,589,Fulani,607,2011,112,112,140,4,18.1,645,Iraq,Birom - Fulani
4948,5558,3,Birom,589,Fulani,607,2012,87,87,87,4,18.1,645,Iraq,Birom - Fulani
4948,5558,3,Birom,589,Fulani,607,2013,58,58,58,4,18.1,645,Iraq,Birom - Fulani
4948,5558,3,Birom,589,Fulani,607,2014,34,34,139,4,18.1,645,Iraq,Birom - Fulani
4948,5558,3,Birom,589,Fulani,607,2015,117,117,123,4,18.1,645,Iraq,Birom - Fulani
4951,5561,3,Dioula,599,Guéré,1109,2005,35,35,68,4,18.1,645,Iraq,Dioula - Guéré
4952,5562,3,Guéré,1109,Senufo,1111,2005,65,58,103,4,18.1,645,Iraq,Guéré - Senufo
4953,5563,3,Degodia,918,Garre,1079,2012,30,30,37,4,18.1,645,Iraq,Degodia - Garre
4953,5563,3,Degodia,918,Garre,1079,2013,57,52,97,4,18.1,645,Iraq,Degodia - Garre
4953,5563,3,Degodia,918,Garre,1079,2014,77,77,129,4,18.1,645,Iraq,Degodia - Garre
4960,5570,3,Copts (Egypt),1132,Muslims (Egypt),1133,2011,31,31,31,2,18.1,645,Iraq,Copts (Egypt) - Muslims (Egypt)
4961,5571,1,Al-Shabaab,717,SVA,1147,2011,36,29,49,4,18.1,645,Iraq,Al-Shabaab - SVA
4962,5572,3,Guéré,1109,Malinké,1139,2011,33,14,40,4,18.1,645,Iraq,Guéré - Malinké
4963,5573,1,FDC,1136,FDLR,528,2011,26,26,28,4,18.1,645,Iraq,FDC - FDLR
4963,5573,1,FDC,1136,FDLR,528,2012,35,35,46,4,18.1,645,Iraq,FDC - FDLR
4964,5574,1,BIFM,1146,MILF,276,2011,31,31,31,3,18.1,645,Iraq,BIFM - MILF
4965,5575,2,Opponents of al-Assad,1144,Supporters of al-Assad,1145,2011,30,30,30,2,18.1,645,Iraq,Opponents of al-Assad - Supporters of al-Assad
4966,5576,3,Kpelle,1141,Malinké,1139,2011,25,25,36,4,18.1,645,Iraq,Kpelle - Malinké
4967,5577,1,Lashkar-e-Islam,399,Lashkar of Zakakhel tribe,1142,2011,128,128,151,3,18.1,645,Iraq,Lashkar-e-Islam - Lashkar of Zakakhel tribe
4967,5577,1,Lashkar-e-Islam,399,Lashkar of Zakakhel tribe,1142,2012,93,93,93,3,18.1,645,Iraq,Lashkar-e-Islam - Lashkar of Zakakhel tribe
4968,5578,1,Lashkar-e-Islam,399,TTP - TA,1101,2011,41,41,41,3,18.1,645,Iraq,Lashkar-e-Islam - TTP - TA
4968,5578,1,Lashkar-e-Islam,399,TTP - TA,1101,2012,30,30,30,3,18.1,645,Iraq,Lashkar-e-Islam - TTP - TA
4969,5579,1,CPJP,1053,UFDR,554,2011,53,53,53,4,18.1,645,Iraq,CPJP - UFDR
4970,5580,3,Borana,591,Turkana,693,2011,29,21,29,4,18.1,645,Iraq,Borana - Turkana
4971,5581,3,Hausa,608,Sayawa,1140,2011,40,35,123,4,18.1,645,Iraq,Hausa - Sayawa
4972,5582,3,Ezilo,1134,Ezza,1135,2011,50,38,60,4,18.1,645,Iraq,Ezilo - Ezza
4973,5583,3,Fulani,607,Tiv,1032,2011,181,172,298,4,18.1,645,Iraq,Fulani - Tiv
4973,5583,3,Fulani,607,Tiv,1032,2012,112,112,129,4,18.1,645,Iraq,Fulani - Tiv
4973,5583,3,Fulani,607,Tiv,1032,2013,198,198,198,4,18.1,645,Iraq,Fulani - Tiv
4973,5583,3,Fulani,607,Tiv,1032,2014,101,101,223,4,18.1,645,Iraq,Fulani - Tiv
4973,5583,3,Fulani,607,Tiv,1032,2015,67,67,107,4,18.1,645,Iraq,Fulani - Tiv
4973,5583,3,Fulani,607,Tiv,1032,2016,224,224,303,4,18.1,645,Iraq,Fulani - Tiv
4973,5583,3,Fulani,607,Tiv,1032,2017,68,61,90,4,18.1,645,Iraq,Fulani - Tiv
4974,5584,3,Misseriya,1025,Ngok Dinka,1005,2011,212,212,245,4,18.1,645,Iraq,Misseriya - Ngok Dinka
4974,5584,3,Misseriya,1025,Ngok Dinka,1005,2014,55,55,83,4,18.1,645,Iraq,Misseriya - Ngok Dinka
4974,5584,3,Misseriya,1025,Ngok Dinka,1005,2015,47,46,47,4,18.1,645,Iraq,Misseriya - Ngok Dinka
4975,5585,3,Gony Dinka,1137,Thiyic Dinka,1138,2011,95,95,95,4,18.1,645,Iraq,Gony Dinka - Thiyic Dinka
4976,5586,3,Atuot Dinka,1092,Jur Beli,1148,2011,43,43,43,4,18.1,645,Iraq,Atuot Dinka - Jur Beli
4977,5587,1,Laskhar of Masozai Qaumi tribe,1143,TTP,356,2011,79,79,81,3,18.1,645,Iraq,Laskhar of Masozai Qaumi tribe - TTP
4978,5588,1,La Familia,1149,Los Caballeros Templarios,1150,2011,100,100,100,5,18.1,645,Iraq,La Familia - Los Caballeros Templarios
4978,5588,1,La Familia,1149,Los Caballeros Templarios,1150,2012,52,23,115,5,18.1,645,Iraq,La Familia - Los Caballeros Templarios
4979,5589,1,Jalisco Cartel New Generation,1151,Los Zetas,1088,2011,101,101,155,5,18.1,645,Iraq,Jalisco Cartel New Generation - Los Zetas
4979,5589,1,Jalisco Cartel New Generation,1151,Los Zetas,1088,2012,30,30,33,5,18.1,645,Iraq,Jalisco Cartel New Generation - Los Zetas
4979,5589,1,Jalisco Cartel New Generation,1151,Los Zetas,1088,2014,558,558,742,5,18.1,645,Iraq,Jalisco Cartel New Generation - Los Zetas
4979,5589,1,Jalisco Cartel New Generation,1151,Los Zetas,1088,2015,98,98,1299,5,18.1,645,Iraq,Jalisco Cartel New Generation - Los Zetas
4979,5589,1,Jalisco Cartel New Generation,1151,Los Zetas,1088,2016,200,200,1400,5,18.1,645,Iraq,Jalisco Cartel New Generation - Los Zetas
4979,5589,1,Jalisco Cartel New Generation,1151,Los Zetas,1088,2017,147,147,928,5,18.1,645,Iraq,Jalisco Cartel New Generation - Los Zetas
4980,5590,1,Cartel Independiente de Acapulco,1152,La Barredora,1153,2011,111,23,261,5,18.1,645,Iraq,Cartel Independiente de Acapulco - La Barredora
4980,5590,1,Cartel Independiente de Acapulco,1152,La Barredora,1153,2015,754,41,754,5,18.1,645,Iraq,Cartel Independiente de Acapulco - La Barredora
4980,5590,1,Cartel Independiente de Acapulco,1152,La Barredora,1153,2017,28,28,28,5,18.1,645,Iraq,Cartel Independiente de Acapulco - La Barredora
4981,5591,1,Jalisco Cartel New Generation,1151,La Resistencia,1154,2011,33,33,33,5,18.1,645,Iraq,Jalisco Cartel New Generation - La Resistencia
4982,5592,1,Lashkar of Kukikhel clan,1155,TTP,356,2011,69,69,69,3,18.1,645,Iraq,Lashkar of Kukikhel clan - TTP
4985,5595,1,Deebam,1167,Deewell,1168,2006,34,34,56,4,18.1,645,Iraq,Deebam - Deewell
4985,5595,1,Deebam,1167,Deewell,1168,2015,29,29,29,4,18.1,645,Iraq,Deebam - Deewell
4986,5596,1,"Black Axe, Bush Boys, Deebam, KK, NDV",3871,Outlaws,1169,2007,100,100,100,4,18.1,645,Iraq,"Black Axe, Bush Boys, Deebam, KK, NDV - Outlaws"
4987,5597,3,Alago,1171,Eggon,1172,2012,60,60,60,4,18.1,645,Iraq,Alago - Eggon
4987,5597,3,Alago,1171,Eggon,1172,2013,35,35,55,4,18.1,645,Iraq,Alago - Eggon
4988,5598,1,Greenlanders,1173,NDV,657,2012,48,48,55,4,18.1,645,Iraq,Greenlanders - NDV
4988,5598,1,Greenlanders,1173,NDV,657,2016,36,36,36,4,18.1,645,Iraq,Greenlanders - NDV
4990,5600,1,Lashkar-e-Islam,399,Lashkar of Akakhel tribe,1177,2012,33,33,40,3,18.1,645,Iraq,Lashkar-e-Islam - Lashkar of Akakhel tribe
4992,5602,3,Dimasa,597,Zeme Naga,1180,2009,70,65,74,3,18.1,645,Iraq,Dimasa - Zeme Naga
4994,5604,2,Supporters of al-Ahly football team,1183,Supporters of al-Masry football team,1184,2012,74,74,74,2,18.1,645,Iraq,Supporters of al-Ahly football team - Supporters of al-Masry football team
4996,5606,3,"Gontrar, Zintan",3876,Mashashia,1188,2012,78,78,105,4,18.1,645,Iraq,"Gontrar, Zintan - Mashashia"
4998,5608,1,Forces of Agala,1191,Forces of Edu,1192,2005,62,62,62,4,18.1,645,Iraq,Forces of Agala - Forces of Edu
4999,5609,3,Alawite (Lebanon),1194,Sunni (Lebanon),1195,2012,52,52,55,2,18.1,645,Iraq,Alawite (Lebanon) - Sunni (Lebanon)
4999,5609,3,Alawite (Lebanon),1194,Sunni (Lebanon),1195,2013,67,67,69,2,18.1,645,Iraq,Alawite (Lebanon) - Sunni (Lebanon)
4999,5609,3,Alawite (Lebanon),1194,Sunni (Lebanon),1195,2014,36,36,40,2,18.1,645,Iraq,Alawite (Lebanon) - Sunni (Lebanon)
5038,5648,3,Orma,931,Pokomo,933,2012,160,156,172,4,18.1,645,Iraq,Orma - Pokomo
5039,5649,3,Dogon,1219,Fulani,607,2012,30,30,30,4,18.1,645,Iraq,Dogon - Fulani
5039,5649,3,Dogon,1219,Fulani,607,2017,31,31,90,4,18.1,645,Iraq,Dogon - Fulani
5040,5650,1,"AQIM, Jama'atu Ahlis Sunna Lidda'awati wal-Jihad, MUJAO",3872,CMA,1158,2012,26,26,26,4,18.1,645,Iraq,"AQIM, Jama'atu Ahlis Sunna Lidda'awati wal-Jihad, MUJAO - CMA"
5041,5651,1,CMA,1158,"MUJAO, Signed-in-Blood Battalion",3873,2012,25,25,25,4,18.1,645,Iraq,"CMA - MUJAO, Signed-in-Blood Battalion"
5042,5652,1,APCLS,1200,M23,1160,2012,30,30,30,4,18.1,645,Iraq,APCLS - M23
5043,5653,3,Bul Nuer,1220,Luac Jang Dinka,1009,2012,87,87,101,4,18.1,645,Iraq,Bul Nuer - Luac Jang Dinka
5045,5655,3,Balanda,1224,Dinka,598,2012,28,28,28,4,18.1,645,Iraq,Balanda - Dinka
5046,5656,1,FDLR,528,Raia Mutomboki,1199,2012,179,179,565,4,18.1,645,Iraq,FDLR - Raia Mutomboki
9637,10247,3,Konianke,1713,Kpelle,1141,2013,98,98,98,4,18.1,645,Iraq,Konianke - Kpelle
9691,10301,3,Northern Sudanese,1972,Southern Sudanese,1973,2005,130,130,130,4,18.1,645,Iraq,Northern Sudanese - Southern Sudanese
9708,10318,3,Habaniya,615,Salamat Baggara,994,2017,41,41,41,4,18.1,645,Iraq,Habaniya - Salamat Baggara
10289,10899,1,NSCN-K,224,NSCN-K-K,2430,2012,54,52,54,3,18.1,645,Iraq,NSCN-K - NSCN-K-K
10310,10920,3,Han Chinese,2460,Uighur,2461,2009,187,187,683,3,18.1,645,Iraq,Han Chinese - Uighur
10444,11054,3,Buddhists (Myanmar),2698,Muslims (Myanmar),2699,2012,114,114,131,3,18.1,645,Iraq,Buddhists (Myanmar) - Muslims (Myanmar)
10444,11054,3,Buddhists (Myanmar),2698,Muslims (Myanmar),2699,2013,50,50,101,3,18.1,645,Iraq,Buddhists (Myanmar) - Muslims (Myanmar)
10513,11123,2,Supporters of Awami League,372,Supporters of Jamaat-e-Islami,2765,2013,31,24,33,3,18.1,645,Iraq,Supporters of Awami League - Supporters of Jamaat-e-Islami
10732,11342,1,Lashkar of Mohmand tribe,2987,TTP,356,2009,53,53,53,3,18.1,645,Iraq,Lashkar of Mohmand tribe - TTP
10773,11383,1,Lashkar-e-Islam,399,Tawheed ul-Islam,1178,2012,39,39,43,3,18.1,645,Iraq,Lashkar-e-Islam - Tawheed ul-Islam
10780,11390,3,Bangladeshi Immigrants,3057,Bodo,814,2012,73,72,73,3,18.1,645,Iraq,Bangladeshi Immigrants - Bodo
10823,11433,1,Black Axe,3107,Eyie,3108,2011,31,31,31,4,18.1,645,Iraq,Black Axe - Eyie
10823,11433,1,Black Axe,3107,Eyie,3108,2013,39,39,39,4,18.1,645,Iraq,Black Axe - Eyie
10823,11433,1,Black Axe,3107,Eyie,3108,2015,32,32,32,4,18.1,645,Iraq,Black Axe - Eyie
10823,11433,1,Black Axe,3107,Eyie,3108,2016,52,52,53,4,18.1,645,Iraq,Black Axe - Eyie
10823,11433,1,Black Axe,3107,Eyie,3108,2017,25,18,25,4,18.1,645,Iraq,Black Axe - Eyie
10831,11441,1,Black Axe,3107,Maphite,3116,2015,25,25,27,4,18.1,645,Iraq,Black Axe - Maphite
10938,11548,1,Khatumo administration,3211,Republic of Somaliland,675,2012,158,158,170,4,18.1,645,Iraq,Khatumo administration - Republic of Somaliland
10948,11558,3,Akul,3228,Kambrip,3229,2012,57,57,57,3,18.1,645,Iraq,Akul - Kambrip
11052,11662,1,Jalisco Cartel New Generation,1151,Los Caballeros Templarios,1150,2012,68,64,80,5,18.1,645,Iraq,Jalisco Cartel New Generation - Los Caballeros Templarios
11052,11662,1,Jalisco Cartel New Generation,1151,Los Caballeros Templarios,1150,2013,129,129,145,5,18.1,645,Iraq,Jalisco Cartel New Generation - Los Caballeros Templarios
11052,11662,1,Jalisco Cartel New Generation,1151,Los Caballeros Templarios,1150,2014,184,184,216,5,18.1,645,Iraq,Jalisco Cartel New Generation - Los Caballeros Templarios
11053,11663,1,Beltrán Leyva Cartel,1089,Sinaloa Cartel,775,2008,54,54,54,5,18.1,645,Iraq,Beltrán Leyva Cartel - Sinaloa Cartel
11053,11663,1,Beltrán Leyva Cartel,1089,Sinaloa Cartel,775,2014,48,48,101,5,18.1,645,Iraq,Beltrán Leyva Cartel - Sinaloa Cartel
11053,11663,1,Beltrán Leyva Cartel,1089,Sinaloa Cartel,775,2015,32,32,247,5,18.1,645,Iraq,Beltrán Leyva Cartel - Sinaloa Cartel
11053,11663,1,Beltrán Leyva Cartel,1089,Sinaloa Cartel,775,2016,68,68,961,5,18.1,645,Iraq,Beltrán Leyva Cartel - Sinaloa Cartel
11055,11665,1,Los Zetas - Cártel del Noreste faction,3296,Los Zetas - Old School Zetas faction,3297,2016,43,43,43,5,18.1,645,Iraq,Los Zetas - Cártel del Noreste faction - Los Zetas - Old School Zetas faction
11058,11668,1,Guerreros Unidos,3298,Los Rojos,3299,2014,164,164,166,5,18.1,645,Iraq,Guerreros Unidos - Los Rojos
11058,11668,1,Guerreros Unidos,3298,Los Rojos,3299,2015,72,72,103,5,18.1,645,Iraq,Guerreros Unidos - Los Rojos
11072,11682,2,Opponents of Morsi,3307,Supporters of Morsi,3306,2013,119,119,123,2,18.1,645,Iraq,Opponents of Morsi - Supporters of Morsi
11094,11704,1,Los Zetas,1088,Los Zetas - Velazquez Caballero faction,3323,2012,77,77,131,5,18.1,645,Iraq,Los Zetas - Los Zetas - Velazquez Caballero faction
11125,11735,3,Birom,589,"Fulani, Hausa",3800,2010,333,333,400,4,18.1,645,Iraq,"Birom - Fulani, Hausa"
11191,11801,3,Christians (CAR),3555,Muslims (CAR),3556,2013,47,47,47,4,18.1,645,Iraq,Christians (CAR) - Muslims (CAR)
11191,11801,3,Christians (CAR),3555,Muslims (CAR),3556,2014,459,446,507,4,18.1,645,Iraq,Christians (CAR) - Muslims (CAR)
11191,11801,3,Christians (CAR),3555,Muslims (CAR),3556,2015,108,108,108,4,18.1,645,Iraq,Christians (CAR) - Muslims (CAR)
11200,11810,3,Amothnhon Dinka,3568,Panyon Dinka,3569,2013,25,25,25,4,18.1,645,Iraq,Amothnhon Dinka - Panyon Dinka
11211,11821,3,Al-Zayadia,3579,Berti,3580,2015,127,127,127,4,18.1,645,Iraq,Al-Zayadia - Berti
11328,11957,1,Ansar Dine,1157,CMA,1158,2015,42,42,42,4,18.1,645,Iraq,Ansar Dine - CMA
11330,11959,1,Ganda Iso,3157,CMA,1158,2012,31,31,35,4,18.1,645,Iraq,Ganda Iso - CMA
11427,12070,1,NURTW-Auxiliary,3981,NURTW-Tokyo,3332,2011,27,27,31,4,18.1,645,Iraq,NURTW-Auxiliary - NURTW-Tokyo
11480,12132,1,Jama'atu Ahlis Sunna Lidda'awati wal-Jihad,1051,Yan Gora,4000,2013,92,92,131,4,18.1,645,Iraq,Jama'atu Ahlis Sunna Lidda'awati wal-Jihad - Yan Gora
11480,12132,1,Jama'atu Ahlis Sunna Lidda'awati wal-Jihad,1051,Yan Gora,4000,2014,493,493,512,4,18.1,645,Iraq,Jama'atu Ahlis Sunna Lidda'awati wal-Jihad - Yan Gora
11480,12132,1,Jama'atu Ahlis Sunna Lidda'awati wal-Jihad,1051,Yan Gora,4000,2015,39,39,39,4,18.1,645,Iraq,Jama'atu Ahlis Sunna Lidda'awati wal-Jihad - Yan Gora
11480,12132,1,Jama'atu Ahlis Sunna Lidda'awati wal-Jihad,1051,Yan Gora,4000,2017,94,94,97,4,18.1,645,Iraq,Jama'atu Ahlis Sunna Lidda'awati wal-Jihad - Yan Gora
11500,12152,3,Atakar,4022,Fulani,607,2013,77,77,78,4,18.1,645,Iraq,Atakar - Fulani
11502,12154,3,Hausa,608,Jukun,950,2013,70,70,70,4,18.1,645,Iraq,Hausa - Jukun
11632,12284,3,Agatu,4120,Tiv,1032,2013,42,42,43,4,18.1,645,Iraq,Agatu - Tiv
11649,12306,1,M23,1160,M23-R,4130,2013,41,36,412,4,18.1,645,Iraq,M23 - M23-R
11665,12328,1,APCLS,1200,NDC,3037,2013,66,66,177,4,18.1,645,Iraq,APCLS - NDC
11671,12337,1,Hezbollah,366,Jabhat Fateh al-Sham,1170,2013,33,33,33,2,18.1,645,Iraq,Hezbollah - Jabhat Fateh al-Sham
11671,12337,1,Hezbollah,366,Jabhat Fateh al-Sham,1170,2014,67,67,70,2,18.1,645,Iraq,Hezbollah - Jabhat Fateh al-Sham
11671,12337,1,Hezbollah,366,Jabhat Fateh al-Sham,1170,2015,46,11,46,2,18.1,645,Iraq,Hezbollah - Jabhat Fateh al-Sham
11675,12341,3,Agatu,4120,Fulani,607,2013,136,136,168,4,18.1,645,Iraq,Agatu - Fulani
11675,12341,3,Agatu,4120,Fulani,607,2015,168,117,190,4,18.1,645,Iraq,Agatu - Fulani
11675,12341,3,Agatu,4120,Fulani,607,2016,154,154,372,4,18.1,645,Iraq,Agatu - Fulani
11679,12345,1,"FSA, Jabhat Fateh al-Sham",4166,PYD,4163,2012,30,30,30,2,18.1,645,Iraq,"FSA, Jabhat Fateh al-Sham - PYD"
11680,12346,1,"Ghuraba al-Sham, Jabhat Fateh al-Sham",4168,PYD,4163,2012,29,29,34,2,18.1,645,Iraq,"Ghuraba al-Sham, Jabhat Fateh al-Sham - PYD"
11694,12362,1,Brigades of Aisha,4183,Hezbollah,366,2013,26,21,27,2,18.1,645,Iraq,Brigades of Aisha - Hezbollah
11704,12378,1,anti-Balaka,4201,FPRC,4007,2013,281,281,373,4,18.1,645,Iraq,anti-Balaka - FPRC
11704,12378,1,anti-Balaka,4201,FPRC,4007,2014,488,447,607,4,18.1,645,Iraq,anti-Balaka - FPRC
11704,12378,1,anti-Balaka,4201,FPRC,4007,2017,54,54,56,4,18.1,645,Iraq,anti-Balaka - FPRC
11708,12384,3,Beni Hussein,1945,Rizeigat Abbala,676,2013,311,255,894,4,18.1,645,Iraq,Beni Hussein - Rizeigat Abbala
11708,12384,3,Beni Hussein,1945,Rizeigat Abbala,676,2014,76,76,76,4,18.1,645,Iraq,Beni Hussein - Rizeigat Abbala
11709,12385,3,Awlad Heiban (Misseriya),4203,"Awlad Metanin (Misseriya) , Awlad Serur (Misseriya)",4532,2013,80,80,80,4,18.1,645,Iraq,"Awlad Heiban (Misseriya) - Awlad Metanin (Misseriya) , Awlad Serur (Misseriya)"
11712,12388,3,Beni Halba Baggara,995,Gimir,1923,2013,177,177,235,4,18.1,645,Iraq,Beni Halba Baggara - Gimir
11715,12393,1,Ansaar ul-Islam,398,TTP,356,2013,211,211,211,3,18.1,645,Iraq,Ansaar ul-Islam - TTP
11721,12400,3,Misseriya,1025,Salamat Baggara,994,2013,456,311,751,4,18.1,645,Iraq,Misseriya - Salamat Baggara
11721,12400,3,Misseriya,1025,Salamat Baggara,994,2014,57,57,57,4,18.1,645,Iraq,Misseriya - Salamat Baggara
11721,12400,3,Misseriya,1025,Salamat Baggara,994,2017,32,32,32,4,18.1,645,Iraq,Misseriya - Salamat Baggara
11729,12410,3,Hamar,1080,Ma'aliyah,641,2013,38,38,38,4,18.1,645,Iraq,Hamar - Ma'aliyah
11729,12410,3,Hamar,1080,Ma'aliyah,641,2014,52,52,56,4,18.1,645,Iraq,Hamar - Ma'aliyah
11755,12441,3,Eggon,1172,Fulani,607,2014,202,202,362,4,18.1,645,Iraq,Eggon - Fulani
11777,12464,3,Kuteb,1487,Tiv,1032,2015,64,64,64,4,18.1,645,Iraq,Kuteb - Tiv
11780,12467,3,Ikpanaya,4290,Ntan Obu-Ukpe,4291,2012,41,41,41,4,18.1,645,Iraq,Ikpanaya - Ntan Obu-Ukpe
11863,12589,1,MAA,4380,CMA,1158,2013,28,28,28,4,18.1,645,Iraq,MAA - CMA
11897,12635,1,Amigos dos Amigos,4416,Comando Vermelho,772,2009,40,40,45,5,18.1,645,Iraq,Amigos dos Amigos - Comando Vermelho
11934,12693,1,Comando Vermelho,772,Terceiro Comando Puro,4462,2011,31,31,31,5,18.1,645,Iraq,Comando Vermelho - Terceiro Comando Puro
11936,12696,3,Borana,591,"Burji, Gabra",4463,2013,39,39,174,4,18.1,645,Iraq,"Borana - Burji, Gabra"
11940,12701,1,Autodefensas Unidas de Michoacán,4475,Los Caballeros Templarios,1150,2013,38,35,48,5,18.1,645,Iraq,Autodefensas Unidas de Michoacán - Los Caballeros Templarios
11949,12712,1,Gulf Cartel - Ramirez Treviño faction,4486,Gulf Cartel - Villareal faction,4487,2013,35,2,50,5,18.1,645,Iraq,Gulf Cartel - Ramirez Treviño faction - Gulf Cartel - Villareal faction
11955,12718,1,La Mochomera,4492,Sinaloa Cartel,775,2013,27,27,27,5,18.1,645,Iraq,La Mochomera - Sinaloa Cartel
12994,13767,1,"IS, Jabhat Fateh al-Sham",5540,PYD,4163,2013,115,115,160,2,18.1,645,Iraq,"IS, Jabhat Fateh al-Sham - PYD"
12995,13768,1,Jabhat Fateh al-Sham,1170,PYD,4163,2013,56,56,71,2,18.1,645,Iraq,Jabhat Fateh al-Sham - PYD
12996,13769,1,"FSA, Jabhat Fateh al-Sham, Mish'al at Tammu Brigade",5539,PYD,4163,2013,41,41,41,2,18.1,645,Iraq,"FSA, Jabhat Fateh al-Sham, Mish'al at Tammu Brigade - PYD"
12997,13770,1,FSA,1130,IS,234,2013,71,71,84,2,18.1,645,Iraq,FSA - IS
12997,13770,1,FSA,1130,IS,234,2014,49,39,67,2,18.1,645,Iraq,FSA - IS
12998,13771,1,FSA,1130,PYD,4163,2013,34,34,44,2,18.1,645,Iraq,FSA - PYD
12999,13772,1,"FSA, Jabhat Fateh al-Sham",4166,Jabhat al-Akrad,5541,2013,34,14,35,2,18.1,645,Iraq,"FSA, Jabhat Fateh al-Sham - Jabhat al-Akrad"
13015,13794,1,"FSA, IS",5559,PYD,4163,2014,39,39,39,2,18.1,645,Iraq,"FSA, IS - PYD"
13022,13801,1,IS,234,PYD,4163,2014,1524,1524,1700,2,18.1,645,Iraq,IS - PYD
13022,13801,1,IS,234,PYD,4163,2015,717,716,727,2,18.1,645,Iraq,IS - PYD
13034,13813,1,IS,234,Jabhat Fateh al-Sham,1170,2014,736,736,736,2,18.1,645,Iraq,IS - Jabhat Fateh al-Sham
13034,13813,1,IS,234,Jabhat Fateh al-Sham,1170,2015,32,32,256,2,18.1,645,Iraq,IS - Jabhat Fateh al-Sham
13034,13813,1,IS,234,Jabhat Fateh al-Sham,1170,2016,124,124,152,2,18.1,645,Iraq,IS - Jabhat Fateh al-Sham
13167,14009,3,Fulani,607,Jukun,950,2014,77,77,94,4,18.1,645,Iraq,Fulani - Jukun
13167,14009,3,Fulani,607,Jukun,950,2015,27,27,35,4,18.1,645,Iraq,Fulani - Jukun
13191,14036,2,Supporters of APC,5787,Supporters of PDP,668,2015,39,39,45,4,18.1,645,Iraq,Supporters of APC - Supporters of PDP
13194,14041,1,FDC,1136,Groupe de Sécurité (Nyatura Kasongo),4314,2014,70,70,70,4,18.1,645,Iraq,FDC - Groupe de Sécurité (Nyatura Kasongo)
13196,14044,3,Bani Hilal,5792,Nubian Dabudiya,5793,2014,28,28,28,2,18.1,645,Iraq,Bani Hilal - Nubian Dabudiya
13202,14053,3,Toubou,3998,Awlad Suleiman,4371,2014,34,34,40,4,18.1,645,Iraq,Toubou - Awlad Suleiman
13204,14061,1,Benghazi Revolutionaries Shura Council,4369,Forces of the House of Representatives,5802,2014,802,802,876,4,18.1,645,Iraq,Benghazi Revolutionaries Shura Council - Forces of the House of Representatives
13204,14061,1,Benghazi Revolutionaries Shura Council,4369,Forces of the House of Representatives,5802,2015,428,418,430,4,18.1,645,Iraq,Benghazi Revolutionaries Shura Council - Forces of the House of Representatives
13204,14061,1,Benghazi Revolutionaries Shura Council,4369,Forces of the House of Representatives,5802,2016,230,230,287,4,18.1,645,Iraq,Benghazi Revolutionaries Shura Council - Forces of the House of Representatives
13204,14061,1,Benghazi Revolutionaries Shura Council,4369,Forces of the House of Representatives,5802,2017,378,377,480,4,18.1,645,Iraq,Benghazi Revolutionaries Shura Council - Forces of the House of Representatives
13221,14088,1,Raia Mutomboki - Bravo,5821,Raia Mutomboki - Makombo,5822,2014,30,30,30,4,18.1,645,Iraq,Raia Mutomboki - Bravo - Raia Mutomboki - Makombo
13225,14092,3,Baluba,4383,Batwa,2398,2016,573,573,603,4,18.1,645,Iraq,Baluba - Batwa
13225,14092,3,Baluba,4383,Batwa,2398,2017,340,340,344,4,18.1,645,Iraq,Baluba - Batwa
13240,14113,2,Supporters of independence for Eastern Ukraine,5837,Supporters of Ukrainian unity,5836,2014,45,45,45,1,18.1,645,Iraq,Supporters of independence for Eastern Ukraine - Supporters of Ukrainian unity
13263,14147,1,TTP-KM,5864,TTP-SM,5865,2014,128,128,128,3,18.1,645,Iraq,TTP-KM - TTP-SM
13265,14152,1,IS,234,JRTN,4359,2014,64,64,64,2,18.1,645,Iraq,IS - JRTN
13325,14237,1,Hezbollah,366,IS,234,2015,75,75,116,2,18.1,645,Iraq,Hezbollah - IS
13332,14251,1,Libya Dawn,5861,Zintan Military Council,5940,2014,191,191,191,4,18.1,645,Iraq,Libya Dawn - Zintan Military Council
13361,14287,3,Hutu,915,Nande,2397,2016,58,58,65,4,18.1,645,Iraq,Hutu - Nande
13362,14288,3,Bafulero,3441,"Banyamulenge, Barundi",5976,2014,39,39,39,4,18.1,645,Iraq,"Bafulero - Banyamulenge, Barundi"
13384,14318,1,anti-Balaka,4201,UPC (Ali Darass Fulani supporters),5999,2014,33,33,33,4,18.1,645,Iraq,anti-Balaka - UPC (Ali Darass Fulani supporters)
13384,14318,1,anti-Balaka,4201,UPC (Ali Darass Fulani supporters),5999,2015,146,146,170,4,18.1,645,Iraq,anti-Balaka - UPC (Ali Darass Fulani supporters)
13384,14318,1,anti-Balaka,4201,UPC (Ali Darass Fulani supporters),5999,2016,33,33,33,4,18.1,645,Iraq,anti-Balaka - UPC (Ali Darass Fulani supporters)
13384,14318,1,anti-Balaka,4201,UPC (Ali Darass Fulani supporters),5999,2017,392,342,468,4,18.1,645,Iraq,anti-Balaka - UPC (Ali Darass Fulani supporters)
13389,14331,3,Eggon,1172,Gwandere,6001,2014,57,57,57,4,18.1,645,Iraq,Eggon - Gwandere
13391,14333,1,Gulf Cartel - Dragones de Sheyla faction,6003,Gulf Cartel - Los Fresitas faction,6002,2014,34,34,55,5,18.1,645,Iraq,Gulf Cartel - Dragones de Sheyla faction - Gulf Cartel - Los Fresitas faction
13393,14336,1,Sinaloa Cartel - Los Chavez Matamoros faction,6008,Sinaloa Cartel - Los Salgueiro faction,6007,2014,28,28,28,5,18.1,645,Iraq,Sinaloa Cartel - Los Chavez Matamoros faction - Sinaloa Cartel - Los Salgueiro faction
13394,14337,1,Los Ardillos,6009,Los Rojos,3299,2015,56,56,69,5,18.1,645,Iraq,Los Ardillos - Los Rojos
13394,14337,1,Los Ardillos,6009,Los Rojos,3299,2016,62,62,177,5,18.1,645,Iraq,Los Ardillos - Los Rojos
13394,14337,1,Los Ardillos,6009,Los Rojos,3299,2017,82,82,82,5,18.1,645,Iraq,Los Ardillos - Los Rojos
13397,14341,1,IS,234,Islamic Front,5575,2014,195,195,195,2,18.1,645,Iraq,IS - Islamic Front
13398,14342,1,IS,234,SRF,6011,2014,476,476,766,2,18.1,645,Iraq,IS - SRF
13400,14344,1,IS,234,Mujahideen Army,6012,2014,527,527,530,2,18.1,645,Iraq,IS - Mujahideen Army
13402,14347,1,Jabhat Fateh al-Sham,1170,SRF,6011,2014,65,65,117,2,18.1,645,Iraq,Jabhat Fateh al-Sham - SRF
13403,14348,1,IS,234,"Islamic Front, Mujahideen Army, SRF",6014,2014,143,143,143,2,18.1,645,Iraq,"IS - Islamic Front, Mujahideen Army, SRF"
13404,14349,1,Harkat Hazm,6015,Jabhat Fateh al-Sham,1170,2014,82,82,82,2,18.1,645,Iraq,Harkat Hazm - Jabhat Fateh al-Sham
13404,14349,1,Harkat Hazm,6015,Jabhat Fateh al-Sham,1170,2015,192,192,192,2,18.1,645,Iraq,Harkat Hazm - Jabhat Fateh al-Sham
13408,14353,1,Sinaloa Cartel,775,Tijuana Cartel,799,2006,59,59,59,5,18.1,645,Iraq,Sinaloa Cartel - Tijuana Cartel
13408,14353,1,Sinaloa Cartel,775,Tijuana Cartel,799,2007,146,146,146,5,18.1,645,Iraq,Sinaloa Cartel - Tijuana Cartel
13408,14353,1,Sinaloa Cartel,775,Tijuana Cartel,799,2015,130,130,292,5,18.1,645,Iraq,Sinaloa Cartel - Tijuana Cartel
13410,14355,1,"IS, Islamic Front, Jabhat Fateh al-Sham",6024,PYD,4163,2014,26,26,26,2,18.1,645,Iraq,"IS, Islamic Front, Jabhat Fateh al-Sham - PYD"
13416,14361,1,IS,234,"Islamic Front, Jabhat al-Akrad, Jabhat Fateh al-Sham, Mujahideen Army",6030,2014,130,130,130,2,18.1,645,Iraq,"IS - Islamic Front, Jabhat al-Akrad, Jabhat Fateh al-Sham, Mujahideen Army"
13424,14369,1,IS,234,"Islamic Front, Jabhat Al-Kurd brigade, Jabhat Fateh al-Sham, Mujahideen Army",6036,2014,142,142,142,2,18.1,645,Iraq,"IS - Islamic Front, Jabhat Al-Kurd brigade, Jabhat Fateh al-Sham, Mujahideen Army"
13429,14374,1,IS,234,"Islamic Front, Jabhat Fateh al-Sham",6040,2014,1197,1197,1197,2,18.1,645,Iraq,"IS - Islamic Front, Jabhat Fateh al-Sham"
13434,14379,1,IS,234,"Islamic Front, Mujahideen Army",6043,2014,38,38,38,2,18.1,645,Iraq,"IS - Islamic Front, Mujahideen Army"
13441,14393,1,IS,234,"Islamic Front, Jabhat Fateh al-Sham, Mujahideen Army",6069,2014,284,284,284,2,18.1,645,Iraq,"IS - Islamic Front, Jabhat Fateh al-Sham, Mujahideen Army"
13445,14397,1,IS,234,"Islamic Front, Mujahideen Army, PYD, SRF",6073,2014,27,27,27,2,18.1,645,Iraq,"IS - Islamic Front, Mujahideen Army, PYD, SRF"
13533,14531,1,Forces of Mullah Abdol Rauf Khadim,6194,Taleban,303,2015,50,50,50,3,18.1,645,Iraq,Forces of Mullah Abdol Rauf Khadim - Taleban
13540,14542,1,IS,234,Taleban,303,2015,292,285,420,3,18.1,645,Iraq,IS - Taleban
13540,14542,1,IS,234,Taleban,303,2016,181,167,201,3,18.1,645,Iraq,IS - Taleban
13540,14542,1,IS,234,Taleban,303,2017,343,318,396,3,18.1,645,Iraq,IS - Taleban
13542,14544,1,Eyie,3108,Maphite,3116,2015,38,38,38,4,18.1,645,Iraq,Eyie - Maphite
13558,14563,3,Falata,691,Salamat Baggara,994,2015,245,245,245,4,18.1,645,Iraq,Falata - Salamat Baggara
13558,14563,3,Falata,691,Salamat Baggara,994,2016,45,45,45,4,18.1,645,Iraq,Falata - Salamat Baggara
13584,14591,3,Masalit,993,Rizeigat Baggara,703,2016,39,39,39,4,18.1,645,Iraq,Masalit - Rizeigat Baggara
13586,14593,1,Taleban,303,High Council of Afghanistan Islamic Emirate,6252,2015,134,134,135,3,18.1,645,Iraq,Taleban - High Council of Afghanistan Islamic Emirate
13586,14593,1,Taleban,303,High Council of Afghanistan Islamic Emirate,6252,2016,184,184,370,3,18.1,645,Iraq,Taleban - High Council of Afghanistan Islamic Emirate
13586,14593,1,Taleban,303,High Council of Afghanistan Islamic Emirate,6252,2017,72,67,110,3,18.1,645,Iraq,Taleban - High Council of Afghanistan Islamic Emirate
13587,14596,1,AQAP,881,Forces of Hadi,6254,2015,115,115,119,2,18.1,645,Iraq,AQAP - Forces of Hadi
13587,14596,1,AQAP,881,Forces of Hadi,6254,2016,322,321,323,2,18.1,645,Iraq,AQAP - Forces of Hadi
13587,14596,1,AQAP,881,Forces of Hadi,6254,2017,129,129,140,2,18.1,645,Iraq,AQAP - Forces of Hadi
13597,14611,1,IS,234,Forces of Hadi,6254,2015,128,128,128,2,18.1,645,Iraq,IS - Forces of Hadi
13597,14611,1,IS,234,Forces of Hadi,6254,2016,407,407,415,2,18.1,645,Iraq,IS - Forces of Hadi
13597,14611,1,IS,234,Forces of Hadi,6254,2017,44,44,47,2,18.1,645,Iraq,IS - Forces of Hadi
13616,14637,1,IS,234,SDF,6288,2015,382,382,382,2,18.1,645,Iraq,IS - SDF
13616,14637,1,IS,234,SDF,6288,2016,2870,2868,2895,2,18.1,645,Iraq,IS - SDF
13616,14637,1,IS,234,SDF,6288,2017,4958,4852,5874,2,18.1,645,Iraq,IS - SDF
13642,14671,1,IS,234,Yan Gora,4000,2015,142,142,142,4,18.1,645,Iraq,IS - Yan Gora
13642,14671,1,IS,234,Yan Gora,4000,2016,34,34,34,4,18.1,645,Iraq,IS - Yan Gora
13649,14678,3,Luac Jang Dinka,1009,Thiyic Dinka,1138,2015,92,92,94,4,18.1,645,Iraq,Luac Jang Dinka - Thiyic Dinka
13651,14681,1,"High Council of Afghanistan Islamic Emirate, IS",6318,Taleban,303,2015,56,50,138,3,18.1,645,Iraq,"High Council of Afghanistan Islamic Emirate, IS - Taleban"
13678,14721,3,Toubou,3998,Zaghawa,705,2017,25,22,25,4,18.1,645,Iraq,Toubou - Zaghawa
13681,14724,3,"Kuei Dinka, Pakam Dinka",6344,Rup Dinka,6343,2015,78,78,78,4,18.1,645,Iraq,"Kuei Dinka, Pakam Dinka - Rup Dinka"
13683,14730,1,CMA,1158,GATIA,5880,2016,51,50,104,4,18.1,645,Iraq,CMA - GATIA
13683,14730,1,CMA,1158,GATIA,5880,2017,47,36,93,4,18.1,645,Iraq,CMA - GATIA
13686,14733,1,CMA,1158,"CM-FPR, GATIA, MAA",6349,2014,61,61,124,4,18.1,645,Iraq,"CMA - CM-FPR, GATIA, MAA"
13695,14746,1,Forces of the House of Representatives,5802,IS,234,2015,348,343,368,4,18.1,645,Iraq,Forces of the House of Representatives - IS
13695,14746,1,Forces of the House of Representatives,5802,IS,234,2016,87,86,152,4,18.1,645,Iraq,Forces of the House of Representatives - IS
13695,14746,1,Forces of the House of Representatives,5802,IS,234,2017,59,59,83,4,18.1,645,Iraq,Forces of the House of Representatives - IS
13697,14749,1,"FSA, Jabhat Fateh al-Sham, Jaysh al-Islam, Levant Front",6361,SDF,6288,2016,25,25,26,2,18.1,645,Iraq,"FSA, Jabhat Fateh al-Sham, Jaysh al-Islam, Levant Front - SDF"
13698,14750,1,Deebam,1167,NDV,657,2016,26,26,34,4,18.1,645,Iraq,Deebam - NDV
13698,14750,1,Deebam,1167,NDV,657,2017,44,44,47,4,18.1,645,Iraq,Deebam - NDV
13702,14754,1,IS,234,"Jaysh al-Sanadid, Khabour Guards, MFS, PYD",6367,2015,828,828,829,2,18.1,645,Iraq,"IS - Jaysh al-Sanadid, Khabour Guards, MFS, PYD"
13704,14756,1,IS,234,"Jaysh al-Sanadid, MFS, PYD",6370,2015,595,595,596,2,18.1,645,Iraq,"IS - Jaysh al-Sanadid, MFS, PYD"
13705,14757,1,Derna Mujahideen Shura Council,6371,IS,234,2015,133,122,139,4,18.1,645,Iraq,Derna Mujahideen Shura Council - IS
13705,14757,1,Derna Mujahideen Shura Council,6371,IS,234,2016,65,65,65,4,18.1,645,Iraq,Derna Mujahideen Shura Council - IS
13709,14761,1,"Aknaf Bait al-Maqdis, FSA, Jaysh al-Islam, PFLP-GC, PLO",6378,IS,234,2015,134,120,202,2,18.1,645,Iraq,"Aknaf Bait al-Maqdis, FSA, Jaysh al-Islam, PFLP-GC, PLO - IS"
13712,14764,1,"Ahrar al-Sham, Ajnad al-Sham, Jabhat Fateh al-Sham, Jaysh al-Sunna, Liwa al-Aqsa, Liwa al-Haq Idlib, Sham Legion",6380,IS,234,2015,57,57,57,2,18.1,645,Iraq,"Ahrar al-Sham, Ajnad al-Sham, Jabhat Fateh al-Sham, Jaysh al-Sunna, Liwa al-Aqsa, Liwa al-Haq Idlib, Sham Legion - IS"
13724,14777,1,"Ahrar al-Sham, Jabhat Fateh al-Sham",6389,Shohadaa al-Yarmouk,6285,2015,234,233,238,2,18.1,645,Iraq,"Ahrar al-Sham, Jabhat Fateh al-Sham - Shohadaa al-Yarmouk"
13725,14778,1,Eastern Qalamoun Operations Room,6390,IS,234,2015,145,145,146,2,18.1,645,Iraq,Eastern Qalamoun Operations Room - IS
13726,14779,1,IS,234,Jaysh al-Islam,6377,2017,26,26,26,2,18.1,645,Iraq,IS - Jaysh al-Islam
13728,14785,1,Derna Mujahideen Shura Council,6371,Forces of the House of Representatives,5802,2016,29,29,29,4,18.1,645,Iraq,Derna Mujahideen Shura Council - Forces of the House of Representatives
13728,14785,1,Derna Mujahideen Shura Council,6371,Forces of the House of Representatives,5802,2017,31,31,31,4,18.1,645,Iraq,Derna Mujahideen Shura Council - Forces of the House of Representatives
13729,14786,1,Ajdabiya Revolutionaries Shura Council,6400,Forces of the House of Representatives,5802,2015,26,26,26,4,18.1,645,Iraq,Ajdabiya Revolutionaries Shura Council - Forces of the House of Representatives
13730,14787,3,Toubou,3998,Touareg,937,2015,81,81,83,4,18.1,645,Iraq,Toubou - Touareg
13732,14789,3,Toubou,3998,Zwai,6403,2015,85,85,85,4,18.1,645,Iraq,Toubou - Zwai
13735,14796,1,Sinaloa Cartel - Los Memos faction,6481,Sinaloa Cartel - Los Salazar faction,6482,2015,41,41,41,5,18.1,645,Iraq,Sinaloa Cartel - Los Memos faction - Sinaloa Cartel - Los Salazar faction
13737,14799,1,Jalisco Cartel New Generation,1151,Sinaloa Cartel,775,2015,55,55,55,5,18.1,645,Iraq,Jalisco Cartel New Generation - Sinaloa Cartel
13737,14799,1,Jalisco Cartel New Generation,1151,Sinaloa Cartel,775,2016,557,557,725,5,18.1,645,Iraq,Jalisco Cartel New Generation - Sinaloa Cartel
13737,14799,1,Jalisco Cartel New Generation,1151,Sinaloa Cartel,775,2017,333,333,904,5,18.1,645,Iraq,Jalisco Cartel New Generation - Sinaloa Cartel
13738,14800,1,Sinaloa Cartel,775,Forces of Damaso,6485,2015,55,55,63,5,18.1,645,Iraq,Sinaloa Cartel - Forces of Damaso
13738,14800,1,Sinaloa Cartel,775,Forces of Damaso,6485,2017,58,58,65,5,18.1,645,Iraq,Sinaloa Cartel - Forces of Damaso
13739,14801,1,Sinaloa Cartel - El Pepillo faction,6487,Sinaloa Cartel - Los 28 faction,6486,2015,61,61,69,5,18.1,645,Iraq,Sinaloa Cartel - El Pepillo faction - Sinaloa Cartel - Los 28 faction
13741,14805,1,Jaysh al-Mukhtar,4357,MEK,308,2015,26,26,26,2,18.1,645,Iraq,Jaysh al-Mukhtar - MEK
13744,14813,1,Euphrates Volcano,6419,IS,234,2015,500,490,500,2,18.1,645,Iraq,Euphrates Volcano - IS
13745,14814,1,Fatah Halab,6436,IS,234,2015,692,692,693,2,18.1,645,Iraq,Fatah Halab - IS
13745,14814,1,Fatah Halab,6436,IS,234,2016,84,84,84,2,18.1,645,Iraq,Fatah Halab - IS
13746,14815,1,Fatah Halab,6436,SDF,6288,2015,31,31,31,2,18.1,645,Iraq,Fatah Halab - SDF
13746,14815,1,Fatah Halab,6436,SDF,6288,2016,213,196,214,2,18.1,645,Iraq,Fatah Halab - SDF
13747,14816,1,"Fatah Halab, Jabhat Fateh al-Sham",6495,IS,234,2015,51,51,51,2,18.1,645,Iraq,"Fatah Halab, Jabhat Fateh al-Sham - IS"
13749,14819,3,Bakonzo,5904,Bamba,6496,2016,30,30,30,4,18.1,645,Iraq,Bakonzo - Bamba
13760,14833,1,FPRC,4007,UPC (Ali Darass Fulani supporters),5999,2017,33,33,33,4,18.1,645,Iraq,FPRC - UPC (Ali Darass Fulani supporters)
13786,14876,1,"Ahrar al-Sham, Jabhat Fateh al-Sham, Southern Front",6532,IS,234,2016,223,221,223,2,18.1,645,Iraq,"Ahrar al-Sham, Jabhat Fateh al-Sham, Southern Front - IS"
13786,14876,1,"Ahrar al-Sham, Jabhat Fateh al-Sham, Southern Front",6532,IS,234,2017,33,33,33,2,18.1,645,Iraq,"Ahrar al-Sham, Jabhat Fateh al-Sham, Southern Front - IS"
13796,14892,1,IS,234,NSA,6553,2016,25,25,25,2,18.1,645,Iraq,IS - NSA
13797,14893,3,Bambara,6554,Fulani,607,2016,28,28,37,4,18.1,645,Iraq,Bambara - Fulani
13798,14896,1,Ahrar al-Sham,5554,Liwa al-Aqsa,6037,2016,40,40,43,2,18.1,645,Iraq,Ahrar al-Sham - Liwa al-Aqsa
13801,14901,1,Mare' Operations Room,6564,IS,234,2015,227,226,227,2,18.1,645,Iraq,Mare' Operations Room - IS
13801,14901,1,Mare' Operations Room,6564,IS,234,2016,56,56,59,2,18.1,645,Iraq,Mare' Operations Room - IS
13802,14902,1,"Fatah Halab, Jabhat Fateh al-Sham",6495,SDF,6288,2015,56,56,56,2,18.1,645,Iraq,"Fatah Halab, Jabhat Fateh al-Sham - SDF"
13802,14902,1,"Fatah Halab, Jabhat Fateh al-Sham",6495,SDF,6288,2016,74,74,74,2,18.1,645,Iraq,"Fatah Halab, Jabhat Fateh al-Sham - SDF"
13808,14908,1,"Ahrar al-Sham, Furqan Brigades, Jabhat Fateh al-Sham, Jaysh al-Islam, Yarmouk Army",6572,Jaysh al-Jihad (Saraya al- Jihad),6302,2015,70,70,70,2,18.1,645,Iraq,"Ahrar al-Sham, Furqan Brigades, Jabhat Fateh al-Sham, Jaysh al-Islam, Yarmouk Army - Jaysh al-Jihad (Saraya al- Jihad)"
13810,14909,1,Los Zetas - Jorge Ivan Hernandez Cantu faction,6573,Los Zetas - Juan Pedro Salvador Saldivar Farias faction,6574,2016,48,48,48,5,18.1,645,Iraq,Los Zetas - Jorge Ivan Hernandez Cantu faction - Los Zetas - Juan Pedro Salvador Saldivar Farias faction
13832,14943,1,Hawar Kilis Operations Room,6599,IS,234,2016,560,556,570,2,18.1,645,Iraq,Hawar Kilis Operations Room - IS
13832,14943,1,Hawar Kilis Operations Room,6599,IS,234,2017,246,246,291,2,18.1,645,Iraq,Hawar Kilis Operations Room - IS
13833,14944,1,Hawar Kilis Operations Room,6599,SDF,6288,2016,127,125,138,2,18.1,645,Iraq,Hawar Kilis Operations Room - SDF
13833,14944,1,Hawar Kilis Operations Room,6599,SDF,6288,2017,318,317,334,2,18.1,645,Iraq,Hawar Kilis Operations Room - SDF
13837,14948,1,"Jaysh al-Islam, Jaysh Asoud al-Sharqiya, Martyr Lieutenant Ahmed Abdou Brigades, Rahman Corps",6600,Tahrir al- Sham Army,6306,2016,100,100,101,2,18.1,645,Iraq,"Jaysh al-Islam, Jaysh Asoud al-Sharqiya, Martyr Lieutenant Ahmed Abdou Brigades, Rahman Corps - Tahrir al- Sham Army"
13841,14955,1,IS,234,Jaysh al-Asha’er,6605,2017,29,29,32,2,18.1,645,Iraq,IS - Jaysh al-Asha’er
13842,14957,3,Awlad Omran clan,991,Awlad Serur (Misseriya),4204,2016,43,43,43,4,18.1,645,Iraq,Awlad Omran clan - Awlad Serur (Misseriya)
13863,14992,3,Panyar Dinka,6632,Waat Dinka,1939,2016,62,62,62,4,18.1,645,Iraq,Panyar Dinka - Waat Dinka
13864,14993,3,"Panyar Dinka, Rek Dinka",6633,Waat Dinka,1939,2016,86,86,86,4,18.1,645,Iraq,"Panyar Dinka, Rek Dinka - Waat Dinka"
13879,15018,3,Ikot-Offiong community,6659,Oku Iboku community,6660,2017,37,25,99,4,18.1,645,Iraq,Ikot-Offiong community - Oku Iboku community
13880,15019,3,Igbo,621,Fulani,607,2016,58,58,58,4,18.1,645,Iraq,Igbo - Fulani
13888,15028,3,Fulani,607,"Koulango , Lobi, Malinké",6664,2016,33,33,33,4,18.1,645,Iraq,"Fulani - Koulango , Lobi, Malinké"
13912,15059,1,"APCLS, FDLR, Nyatura",6585,"Mayi Mayi Mazembe, NDC-R",6683,2016,73,73,73,4,18.1,645,Iraq,"APCLS, FDLR, Nyatura - Mayi Mayi Mazembe, NDC-R"
13914,15062,3,Maban,6686,Uduk,6685,2016,48,48,86,4,18.1,645,Iraq,Maban - Uduk
13920,15072,3,Mahadi,6695,Rizeigat Abbala,676,2016,26,26,26,4,18.1,645,Iraq,Mahadi - Rizeigat Abbala
13924,15076,1,BDB,6698,Forces of the House of Representatives,5802,2017,63,63,63,4,18.1,645,Iraq,BDB - Forces of the House of Representatives
13928,15081,1,SRF,1162,Subol Al-Salam Brigade,6701,2016,44,44,44,4,18.1,645,Iraq,SRF - Subol Al-Salam Brigade
13933,15086,1,"Ahrar al-Sham, FSA, Jabhat Fateh al-Sham, Jaysh al-Islam",6702,IS,234,2016,110,110,113,2,18.1,645,Iraq,"Ahrar al-Sham, FSA, Jabhat Fateh al-Sham, Jaysh al-Islam - IS"
13933,15086,1,"Ahrar al-Sham, FSA, Jabhat Fateh al-Sham, Jaysh al-Islam",6702,IS,234,2017,32,32,32,2,18.1,645,Iraq,"Ahrar al-Sham, FSA, Jabhat Fateh al-Sham, Jaysh al-Islam - IS"
13935,15089,1,"Ahrar al-Sham, Jabhat Fateh al-Sham",6389,SDF,6288,2016,44,44,84,2,18.1,645,Iraq,"Ahrar al-Sham, Jabhat Fateh al-Sham - SDF"
13937,15090,1,BLA,287,UBA,3192,2015,26,26,26,3,18.1,645,Iraq,BLA - UBA
13940,15093,1,Jalisco Cartel New Generation,1151,La Nueva Familia,6704,2017,43,43,43,5,18.1,645,Iraq,Jalisco Cartel New Generation - La Nueva Familia
13948,15103,1,"Ahrar al-Sham, Jabhat Fateh al-Sham, Jaysh al-Islam",6713,LAFA,5556,2014,33,33,33,2,18.1,645,Iraq,"Ahrar al-Sham, Jabhat Fateh al-Sham, Jaysh al-Islam - LAFA"
13950,15105,1,Eastern Ghouta Unified Military Command,6410,IS,234,2015,68,68,68,2,18.1,645,Iraq,Eastern Ghouta Unified Military Command - IS
13951,15106,1,"Ahrar al-Sham, Jabhat Fateh al-Sham, Jaysh al-Islam",6713,Hezbollah,366,2014,30,30,30,2,18.1,645,Iraq,"Ahrar al-Sham, Jabhat Fateh al-Sham, Jaysh al-Islam - Hezbollah"
13961,15125,1,Lulua-Luba,6731,Chowe-Pende,6732,2017,58,58,58,4,18.1,645,Iraq,Lulua-Luba - Chowe-Pende
13963,15127,3,Hamar,1080,Kababish,1948,2017,53,53,54,4,18.1,645,Iraq,Hamar - Kababish
13971,15141,1,FDN,6743,PCC,3176,2017,99,99,103,5,18.1,645,Iraq,FDN - PCC
13975,15145,1,NDC-R,6491,Mayi Mayi Mazembe,6587,2017,135,135,138,4,18.1,645,Iraq,NDC-R - Mayi Mayi Mazembe
13984,15157,3,Wanhihem community,6765,Wanikade community,6766,2017,150,150,150,4,18.1,645,Iraq,Wanhihem community - Wanikade community
13985,15158,3,Fulani,607,Kadara,6767,2017,37,37,37,4,18.1,645,Iraq,Fulani - Kadara
14000,15177,1,anti-Balaka,4201,MPC (Al Khatim rebels),6354,2017,79,77,80,4,18.1,645,Iraq,anti-Balaka - MPC (Al Khatim rebels)
14067,15193,1,SPLM/A-North,1123,SPLM/A-North - MA faction,6792,2017,72,62,72,4,18.1,645,Iraq,SPLM/A-North - SPLM/A-North - MA faction
14068,15196,3,Aliap Dinka,1008,Atuot Dinka,1092,2017,30,30,30,4,18.1,645,Iraq,Aliap Dinka - Atuot Dinka
14073,15202,1,Al-Shabaab,717,Aaro Aaro,4322,2017,39,39,39,4,18.1,645,Iraq,Al-Shabaab - Aaro Aaro
14081,15211,1,Comités locaux de vigilance,6634,Jama'atu Ahlis Sunna Lidda'awati wal-Jihad,1051,2017,62,62,63,4,18.1,645,Iraq,Comités locaux de vigilance - Jama'atu Ahlis Sunna Lidda'awati wal-Jihad
14083,15214,3,Fulani,607,Irigwe,6805,2017,66,66,66,4,18.1,645,Iraq,Fulani - Irigwe
14089,15227,1,3R,6641,anti-Balaka,4201,2017,54,51,98,4,18.1,645,Iraq,3R - anti-Balaka
14090,15228,1,"anti-Balaka, FPRC-AK",7000,FPRC,4007,2017,367,360,403,4,18.1,645,Iraq,"anti-Balaka, FPRC-AK - FPRC"
14095,15239,1,Ahrar al-Sham,5554,Tahrir al-Sham,6815,2017,183,183,214,2,18.1,645,Iraq,Ahrar al-Sham - Tahrir al-Sham
14096,15240,1,Jaysh al-Islam,6377,"Rahman Corps, Tahrir al-Sham",6825,2017,210,210,211,2,18.1,645,Iraq,"Jaysh al-Islam - Rahman Corps, Tahrir al-Sham"
14097,15241,1,IS,234,Tahrir al-Sham,6815,2017,595,595,596,2,18.1,645,Iraq,IS - Tahrir al-Sham
14109,15255,1,"GATIA, MSA",6837,IS,234,2017,36,36,66,4,18.1,645,Iraq,"GATIA, MSA - IS"
14110,15256,1,IS,234,MSA,6836,2017,25,25,25,4,18.1,645,Iraq,IS - MSA
14124,15273,1,Nour al-Din al-Zenki,6434,Tahrir al-Sham,6815,2017,46,46,47,2,18.1,645,Iraq,Nour al-Din al-Zenki - Tahrir al-Sham
14127,15279,1,Liwa al-Aqsa,6037,Tahrir al-Sham,6815,2017,346,339,360,2,18.1,645,Iraq,Liwa al-Aqsa - Tahrir al-Sham
14134,15288,3,Bwatiye,3103,Fulani,607,2016,58,58,63,4,18.1,645,Iraq,Bwatiye - Fulani
14134,15288,3,Bwatiye,3103,Fulani,607,2017,109,92,122,4,18.1,645,Iraq,Bwatiye - Fulani
14137,15291,1,Hezbollah,366,Tahrir al-Sham,6815,2017,190,190,190,2,18.1,645,Iraq,Hezbollah - Tahrir al-Sham
14141,15295,1,IS,234,"Saraya Ahl al-Sham, Tahrir al-Sham",6866,2017,33,33,33,2,18.1,645,Iraq,"IS - Saraya Ahl al-Sham, Tahrir al-Sham"
14167,15335,3,Pakam Dinka,6341,Rup Dinka,6343,2017,172,172,172,4,18.1,645,Iraq,Pakam Dinka - Rup Dinka
14209,15391,1,CMC,6920,CNRD,6684,2017,91,91,91,4,18.1,645,Iraq,CMC - CNRD
14224,15409,3,PCC,3176,Sindicato RN,6936,2017,30,30,30,5,18.1,645,Iraq,PCC - Sindicato RN
14229,15417,3,Ayiel Dinka,6943,Waat Dinka,1939,2017,44,44,44,4,18.1,645,Iraq,Ayiel Dinka - Waat Dinka
14234,15422,1,"Operations Room Combating Daesh, Shuhada al-Wadi militia",6842,"Anas al-Dabbashi Brigade, Brigade 48",6955,2017,43,43,43,4,18.1,645,Iraq,"Operations Room Combating Daesh, Shuhada al-Wadi militia - Anas al-Dabbashi Brigade, Brigade 48"
14237,15425,3,"Bambuti, Batwa",6960,Batabwa,6756,2017,27,27,27,4,18.1,645,Iraq,"Bambuti, Batwa - Batabwa"
14241,15432,1,"Anti-Balaka - Mokom, FPRC, MPC (Al Khatim rebels), RPRC",6968,UPC (Ali Darass Fulani supporters),5999,2016,146,146,146,4,18.1,645,Iraq,"Anti-Balaka - Mokom, FPRC, MPC (Al Khatim rebels), RPRC - UPC (Ali Darass Fulani supporters)"
14241,15432,1,"Anti-Balaka - Mokom, FPRC, MPC (Al Khatim rebels), RPRC",6968,UPC (Ali Darass Fulani supporters),5999,2017,30,30,30,4,18.1,645,Iraq,"Anti-Balaka - Mokom, FPRC, MPC (Al Khatim rebels), RPRC - UPC (Ali Darass Fulani supporters)"
14258,15453,1,anti-Balaka,4201,Peuhl militia (Zemio),6982,2017,62,62,70,4,18.1,645,Iraq,anti-Balaka - Peuhl militia (Zemio)
14264,15462,3,Arab Brabich,4171,Idnan (Touareg),1568,2013,27,27,27,4,18.1,645,Iraq,Arab Brabich - Idnan (Touareg)
14285,15489,1,Comando Vermelho,772,GDE,7014,2017,116,116,120,5,18.1,645,Iraq,Comando Vermelho - GDE
14305,15518,3,Jalwau,7034,Thiyic Dinka,1138,2017,43,43,43,4,18.1,645,Iraq,Jalwau - Thiyic Dinka
14309,15523,1,IS,234,"Southern Front, Tahrir al-Sham",7036,2017,161,161,164,2,18.1,645,Iraq,"IS - Southern Front, Tahrir al-Sham"
14313,15529,1,"Ahrar al-Sham, FSA, Jaysh al-Islam, Tahrir al-Sham",7042,IS,234,2017,56,54,56,2,18.1,645,Iraq,"Ahrar al-Sham, FSA, Jaysh al-Islam, Tahrir al-Sham - IS"
14320,15537,1,"February 17 Martyrs Brigade, Rafallah al-Sahati Brigade",7049,Forces of the House of Representatives,5802,2014,79,79,79,4,18.1,645,Iraq,"February 17 Martyrs Brigade, Rafallah al-Sahati Brigade - Forces of the House of Representatives"
14321,15538,1,ASL,7046,Forces of the House of Representatives,5802,2014,25,25,29,4,18.1,645,Iraq,ASL - Forces of the House of Representatives
14324,15542,1,"Ahrar al-Sham, Southern Front, Tahrir al-Sham",7056,IS,234,2017,252,251,252,2,18.1,645,Iraq,"Ahrar al-Sham, Southern Front, Tahrir al-Sham - IS"
